skill_id,model,optimizer_success,optimizer_status,optimizer_message,n_train_events,n_train_sequences,nll_train,log_loss_train_objective,n_parameters,aic_train,bic_train,n_iterations,n_function_evaluations,gradient_inf_norm,hessian_status,p_init,p_learn,slip,guess,lambda_per_day,retention_half_life_days,se_p_init_approx,se_p_learn_approx,se_slip_approx,se_guess_approx,se_lambda_per_day_approx
71,BKT,True,0,CONVERGENCE: RELATIVE REDUCTION OF F <= FACTR*EPSMCH,56461,5500,34825.92979851879,0.6168139033761143,4,69659.85959703758,69695.62481869079,19,23,4.241164117296505e-05,positive_definite,0.37370248458071736,0.14886491579040026,0.25169618149342904,0.4399926164249139,0.0,inf,0.02791341773193343,0.017634909383274253,0.004159161207168665,0.016116004160018804,nan
71,BKT-F,True,0,CONVERGENCE: RELATIVE REDUCTION OF F <= FACTR*EPSMCH,56461,5500,34788.71677014277,0.6161548107568546,5,69587.43354028554,69632.14006735205,28,42,1.397861724954469e-05,positive_definite,0.34902173457358965,0.1469635601962093,0.23920026980159007,0.44675341981509975,0.001207921449665223,573.8346485626627,0.02683651919864754,0.012619526277096695,0.003985837441531562,0.012989856724618285,0.00023425342669028623
74,BKT,True,0,CONVERGENCE: RELATIVE REDUCTION OF F <= FACTR*EPSMCH,59695,5500,38955.41054144617,0.652574094001946,4,77918.82108289233,77954.80909706745,39,74,0.005937059154891165,positive_definite,0.32464921939279007,0.013933100564678638,0.2764904771704608,0.4899395366577667,0.0,inf,0.016633589647076386,0.0020217220823464774,0.004615681026137865,0.0007956496026503862,nan
74,BKT-F,True,0,CONVERGENCE: RELATIVE REDUCTION OF F <= FACTR*EPSMCH,59695,5500,38882.50395267448,0.6513527758216682,5,77775.00790534896,77819.99292306785,74,126,0.0003870971179828232,positive_definite,0.30170845523437584,0.017468307486727595,0.2626470671207628,0.4877774069257725,0.0009792489077791457,707.83554115158,0.02368774440291078,0.002073344251857768,0.004874706979975582,0.006889728564495308,0.00023798673424235367
76,BKT,True,0,CONVERGENCE: RELATIVE REDUCTION OF F <= FACTR*EPSMCH,93574,5500,61101.299699545714,0.6529730448580344,4,122210.59939909143,122248.38543047583,25,55,0.05851740471455275,positive_definite,0.39429155454086057,0.010160480491650444,0.2820322262518991,0.4899395366577667,0.0,inf,0.01445137564783712,0.0011029363111122843,0.0028781475164774252,0.0002497124695064358,nan
76,BKT-F,True,0,CONVERGENCE: RELATIVE REDUCTION OF F <= FACTR*EPSMCH,93574,5500,61037.9705868758,0.65229626377921,5,122085.9411737516,122133.17371298211,36,69,0.039247739429992205,positive_definite,0.3715250259971495,0.015480364598083584,0.26870315693897245,0.4899395366577667,0.002187890414715415,316.81073965036995,0.014822761421173752,0.0014469206355587935,0.003134149690769315,0.0003046561412543825,0.0003538842328757301
77,BKT,True,0,CONVERGENCE: RELATIVE REDUCTION OF F <= FACTR*EPSMCH,99632,5500,63720.58637490226,0.6395594424974131,4,127449.17274980452,127487.20970451298,35,80,0.027803360523434035,positive_definite,0.39034986796803384,0.01019168432106747,0.2600833351139334,0.4899395366577667,0.0,inf,0.013450610686124099,0.0010671845372099522,0.0025779394170099513,0.00036200917233360485,nan
77,BKT-F,True,0,CONVERGENCE: RELATIVE REDUCTION OF F <= FACTR*EPSMCH,99632,5500,63651.53918877796,0.6388664203145371,5,127313.07837755592,127360.62457094148,51,92,0.005325312110481848,positive_definite,0.3697298317129197,0.014562422138232545,0.2500391178961155,0.4899395366577667,0.0015784040642202505,439.144320692286,0.01395824027803417,0.0013441891173872418,0.0028334770947585435,0.0008195515897441828,0.0002748190736544885
78,BKT,True,0,CONVERGENCE: RELATIVE REDUCTION OF F <= FACTR*EPSMCH,63706,5500,40982.37202775726,0.6433047441019254,4,81972.74405551451,82008.9921916291,45,96,5.264095528041092e-05,positive_definite,0.5429923138399705,0.019460980608633383,0.28232596424935275,0.46027564498993173,0.0,inf,0.024582173416593772,0.002627457487005369,0.003934986592725593,0.0087733362143819,nan
78,BKT-F,True,0,CONVERGENCE: RELATIVE REDUCTION OF F <= FACTR*EPSMCH,63706,5500,40927.13567781137,0.642437693118566,5,81864.27135562274,81909.58152576597,53,109,4.2411402403259e-06,positive_definite,0.516030669118876,0.02808962230960467,0.2686566015140282,0.45676844384461107,0.0011218786738955667,617.8450457152276,0.024528050962351538,0.0031852758986577233,0.0042537118314664195,0.008714177192187337,0.00020351441995105428
80,BKT,True,0,CONVERGENCE: RELATIVE REDUCTION OF F <= FACTR*EPSMCH,59051,5500,38249.771876355604,0.6477413062667119,4,76507.54375271121,76543.48837973634,25,56,0.0004431057887379762,positive_definite,0.5830455879913835,0.018323788996463974,0.28618086515820435,0.4767350216243346,0.0,inf,0.02674280219082073,0.0028112031417862767,0.0045011003559480775,0.009431125349231266,nan
80,BKT-F,True,0,CONVERGENCE: RELATIVE REDUCTION OF F <= FACTR*EPSMCH,59051,5500,38197.533535934126,0.6468566753473121,5,76405.06707186825,76449.99785564966,24,28,2.4932676782112904e-05,positive_definite,0.647330804579136,0.03517226140558781,0.2885177200460271,0.43269676710668364,0.0008013596488973029,864.9639166555721,0.027788195590119014,0.004956695828285897,0.00508591469655118,0.013770143935093524,0.00016038527470282253
83,BKT,True,0,CONVERGENCE: RELATIVE REDUCTION OF F <= FACTR*EPSMCH,81528,5500,53426.08255939813,0.6553096182832662,4,106860.16511879626,106897.39992599029,47,80,0.0019005670503906076,positive_definite,0.41708745799416547,0.007770490189913989,0.28185993661837355,0.4899395366577667,0.0,inf,0.016531860598103455,0.0010741086381790112,0.0033301353975597266,0.001342504118377101,nan
83,BKT-F,True,0,CONVERGENCE: RELATIVE REDUCTION OF F <= FACTR*EPSMCH,81528,5500,53380.8411550133,0.6547546996738949,5,106771.6823100266,106818.22581901915,41,84,0.0002181080642976386,positive_definite,0.38645335226424443,0.012021950852607183,0.2664571626979056,0.4899395366577667,0.0014401638885538771,481.2974315416008,0.019470291769899718,0.0013422054919322059,0.004269103160657495,0.00336645272707445,0.0002690154219039303
84,BKT,True,0,CONVERGENCE: RELATIVE REDUCTION OF F <= FACTR*EPSMCH,66720,5500,42575.01579246983,0.6381147450909747,4,85158.03158493966,85194.46462508778,40,78,2.7450773684871946e-05,positive_definite,0.49698523168519015,0.018278450284090565,0.26740875888060867,0.483512162972491,0.0,inf,0.022889964134328044,0.0021991078813881288,0.003575341877244137,0.007105526745336583,nan
84,BKT-F,True,0,CONVERGENCE: RELATIVE REDUCTION OF F <= FACTR*EPSMCH,66720,5500,42513.886849889284,0.6371985439132087,5,85037.77369977857,85083.31499996374,33,68,5.9464782879940825e-05,positive_definite,0.5085241339620529,0.02870069540843496,0.25928622474253543,0.4679574821697336,0.0012923602211470187,536.3420888525576,0.024545315371117194,0.0030007402596988007,0.004209263773560537,0.008287382824624084,0.00021960666028280644
85,BKT,True,0,CONVERGENCE: RELATIVE REDUCTION OF F <= FACTR*EPSMCH,106204,5500,69532.62797818921,0.6547081840438139,4,139073.25595637842,139111.54842458587,47,87,0.0017920824967695966,positive_definite,0.24861576841679547,0.00941343836766232,0.27413374875342694,0.48455807290483105,0.0,inf,0.015100243631166636,0.0008934481700791404,0.003088031220654568,0.003736365408202597,nan
85,BKT-F,True,0,CONVERGENCE: RELATIVE REDUCTION OF F <= FACTR*EPSMCH,106204,5500,69474.95168463657,0.6541651132220686,5,138959.90336927315,139007.76895453245,62,120,8.172189408746556e-05,positive_definite,0.2400783966108603,0.01372116574526226,0.26719839603800655,0.47870532163389073,0.0017429251215710657,397.69188703594176,0.01605948038063787,0.0012766748514304654,0.0035126335164128997,0.004386906565696546,0.0003268065298212888
86,BKT,True,0,CONVERGENCE: RELATIVE REDUCTION OF F <= FACTR*EPSMCH,60058,5500,35503.14777798642,0.5911476868691335,4,71014.29555597284,71050.30782013664,27,61,0.05347105572341588,positive_definite,0.6939162562200932,0.019298431875268827,0.2214269094582076,0.4899395366577667,0.0,inf,0.013612929191742246,0.002729098908080562,0.0028389157321004888,0.0002614400682602243,nan
86,BKT-F,True,0,CONVERGENCE: RELATIVE REDUCTION OF F <= FACTR*EPSMCH,60058,5500,35414.61852502351,0.589673624246953,5,70839.23705004701,70884.25238025177,44,84,0.026698196603450713,positive_definite,0.6769300831102707,0.030224673804046146,0.20982118886130322,0.4899395366577667,0.0009506573784460698,729.1240737992832,0.014204630827282332,0.003335960017605103,0.0030614492677777756,0.00036986728858539995,0.00015025820960123162
87,BKT,True,0,CONVERGENCE: RELATIVE REDUCTION OF F <= FACTR*EPSMCH,54297,5500,35038.10281554448,0.6453045806498422,4,70084.20563108896,70119.81452811207,35,81,7.645251707594104e-05,positive_definite,0.49832461188115246,0.017600120441416036,0.25727588293203896,0.48702188952793113,0.0,inf,0.02817343318950285,0.0025965183865236177,0.005803730611937437,0.008499109507841659,nan
87,BKT-F,True,0,CONVERGENCE: RELATIVE REDUCTION OF F <= FACTR*EPSMCH,54297,5500,35030.39376090896,0.6451626012654283,5,70070.78752181793,70115.29864309682,27,33,4.634470299356105e-05,positive_definite,0.5340970779254592,0.023559965718736687,0.25985539440647715,0.4717827072635369,0.0006580499145644471,1053.3352641170518,0.02839220810929145,0.0034559383830681926,0.0054758198113610355,0.009484752873610572,0.0001958815510466537
88,BKT,True,0,CONVERGENCE: RELATIVE REDUCTION OF F <= FACTR*EPSMCH,50839,5500,31083.294593197872,0.6114064909458855,4,62174.589186395744,62209.93486261798,20,52,0.03681230354874145,positive_definite,0.6739446189591027,0.018793557248470018,0.234789567321694,0.4899395366577667,0.0,inf,0.015173857559336413,0.0031336776260550113,0.0035464987628482875,0.0003150832889896118,nan
88,BKT-F,True,0,CONVERGENCE: RELATIVE REDUCTION OF F <= FACTR*EPSMCH,50839,5500,31065.256727115873,0.6110516872305882,5,62140.51345423175,62184.69554950954,35,52,0.027548848960426437,positive_definite,0.6712477743778164,0.025338505119348514,0.22729770396016458,0.4899395366577667,0.0008208050775037638,844.4723352198889,0.015696757124633743,0.00377119140604772,0.0039006067014479406,0.00036419515146836497,0.00018973076758060489
90,BKT,True,0,CONVERGENCE: RELATIVE REDUCTION OF F <= FACTR*EPSMCH,49586,5500,32246.19646393118,0.6503084835221873,4,64500.39292786236,64535.63878312158,33,64,0.02267944212353706,positive_definite,0.618021669047251,0.002579710139620674,0.27706390567370953,0.4899395366577667,0.0,inf,0.017379097265144854,0.001632836247267862,0.004421206374206511,0.0004009847416681779,nan
90,BKT-F,True,0,CONVERGENCE: RELATIVE REDUCTION OF F <= FACTR*EPSMCH,49586,5500,32220.163932695985,0.649783485917315,5,64450.32786539197,64494.385184466,38,47,0.009503045986813783,positive_definite,0.6181967532132646,0.007301878529796502,0.2655670596334306,0.4899395366577667,0.0011848891330371385,584.989060354746,0.019476386919560985,0.0025586452718410675,0.005162706704030159,0.0006185491318062886,0.0002259685393412331
94,BKT,True,0,CONVERGENCE: RELATIVE REDUCTION OF F <= FACTR*EPSMCH,50582,5500,33894.19700397425,0.6700841604518258,4,67796.3940079485,67831.71941219155,35,62,0.002761952870919734,positive_definite,0.5835080173590212,0.004108783009153786,0.3231562142539916,0.4899395366577667,0.0,inf,0.022404807231694506,0.0017407690641125773,0.005197876265964311,0.0011435009471709473,nan
94,BKT-F,True,0,CONVERGENCE: RELATIVE REDUCTION OF F <= FACTR*EPSMCH,50582,5500,33886.43714294963,0.6699307489413158,5,67782.87428589926,67827.03104120308,74,149,0.00010331528870235026,positive_definite,0.6072527070558857,0.00696930371707184,0.3197100483661227,0.48486295700771903,0.0009011656591063008,769.1673262908726,0.04836878271839704,0.0025283830203159225,0.008400779759473969,0.01115891503058172,0.00027970021501463714
96,BKT,True,0,CONVERGENCE: RELATIVE REDUCTION OF F <= FACTR*EPSMCH,49170,5500,31841.15528734707,0.6475728144670951,4,63690.31057469414,63725.52273053576,27,51,3.0312002102496688e-05,positive_definite,0.7177370218120965,0.061606370581161474,0.30803703999758897,0.4217973251966133,0.0,inf,0.033722380236446525,0.016856995180638636,0.0056181792900128116,0.026453648017833477,nan
96,BKT-F,True,0,CONVERGENCE: RELATIVE REDUCTION OF F <= FACTR*EPSMCH,49170,5500,31811.338951794027,0.6469664216350219,5,63632.67790358805,63676.69309839008,30,61,4.099475282563363e-05,positive_definite,0.710095501572366,0.08183107579285831,0.2983138768529483,0.40641280750617415,0.0007755977538254368,893.6941567212834,0.02958506301534499,0.014454423956360095,0.005162079883321162,0.0202785836447204,0.00015184046663010495
98,BKT,True,0,CONVERGENCE: RELATIVE REDUCTION OF F <= FACTR*EPSMCH,59221,5500,34870.31952291513,0.5888167967936228,4,69748.63904583026,69784.59517178107,25,37,0.014720577664024539,positive_definite,0.7097520779887202,0.02312056842226612,0.2256966835228017,0.4899395366577667,0.0,inf,0.013675279501213732,0.0032854844062494486,0.00272184405645086,0.0004980198795788777,nan
98,BKT-F,True,0,CONVERGENCE: RELATIVE REDUCTION OF F <= FACTR*EPSMCH,59221,5500,34817.04411353467,0.5879171934539212,5,69644.08822706934,69689.03338450784,33,35,0.011398194889387753,positive_definite,0.6883507500485171,0.03419714209879781,0.2126085859235041,0.4899395366577667,0.0009248167484401023,749.4967859622824,0.014275391393366622,0.0037752746669398583,0.0032041686818426386,0.0005661530806511265,0.00015977192084682076
103,BKT,True,0,CONVERGENCE: RELATIVE REDUCTION OF F <= FACTR*EPSMCH,48252,5500,32619.898664105614,0.6760320538859657,4,65247.79732821123,65282.93409843797,47,113,5.417537444739401e-05,positive_definite,0.7224606432085412,0.01951334856009795,0.36564716109923323,0.38717652285497406,0.0,inf,0.03268176777786794,0.005258525272437754,0.0056843776476309055,0.017430284993292144,nan
103,BKT-F,True,0,CONVERGENCE: RELATIVE REDUCTION OF F <= FACTR*EPSMCH,48252,5500,32590.458095883492,0.6754219119597838,5,65190.916191766984,65234.83715455041,59,128,3.347375636620223e-05,positive_definite,0.7413271639038106,0.03293908944430793,0.3589785059953723,0.3590098791688877,0.0008035847092305102,862.5689023173217,0.03081995868545687,0.006933867508360513,0.005971214220975138,0.01927395771251812,0.00015734722787563363
106,BKT,True,0,CONVERGENCE: NORM OF PROJECTED GRADIENT <= PGTOL,59700,5500,38200.58425848973,0.6398757832242836,4,76409.16851697947,76445.15686617699,46,93,0.002876933656122617,positive_definite,0.6713412122337071,0.0050489861919982455,0.2788530169261569,0.4899395366577667,0.0,inf,0.01598214750886538,0.001575948080905067,0.0034875033161279865,0.0011197432650194255,nan
106,BKT-F,True,0,CONVERGENCE: RELATIVE REDUCTION OF F <= FACTR*EPSMCH,59700,5500,38132.396157638555,0.6387336039805454,5,76274.79231527711,76319.77775177402,27,30,0.00011747718383478094,positive_definite,0.7533388454012879,0.01656438939901492,0.2794076287165298,0.43855918368303287,0.0010394200577745426,666.8595390048685,0.023099724149200727,0.0029972804021660146,0.004684200529097173,0.011825641562984834,0.00015299943368790806
119,BKT,True,0,CONVERGENCE: RELATIVE REDUCTION OF F <= FACTR*EPSMCH,64845,5500,39753.53126838272,0.6130546883858852,4,79515.06253676544,79551.38155710853,31,82,0.043254436382586664,positive_definite,0.544531566667052,0.032620422573557115,0.23877409305064495,0.4899395366577667,0.0,inf,0.015530736138936716,0.003051041659937486,0.00275030100656431,0.00029056652731705463,nan
119,BKT-F,True,0,CONVERGENCE: RELATIVE REDUCTION OF F <= FACTR*EPSMCH,64845,5500,39689.85874488593,0.6120727696026823,5,79389.71748977187,79435.11626520072,29,32,0.04062775872539152,positive_definite,0.5183333073364651,0.040612358058968595,0.22404776081371122,0.4899395366577667,0.0012094719396925678,573.0990176887728,0.015767864690620602,0.0033002780860251525,0.0032173817011700748,0.00029985288845441033,0.000195975799101905
143,BKT,True,0,CONVERGENCE: RELATIVE REDUCTION OF F <= FACTR*EPSMCH,137056,5500,82630.35865799792,0.6028948652959222,4,165268.71731599583,165308.02989551748,24,29,0.13393579623829818,positive_definite,0.5488497817106283,0.008709992556037672,0.22944950327854383,0.4899395366577667,0.0,inf,0.01204041089864299,0.000836596685208821,0.0017737850160167293,0.00016508733733497832,nan
143,BKT-F,True,0,CONVERGENCE: RELATIVE REDUCTION OF F <= FACTR*EPSMCH,137056,5500,82563.83517244527,0.6024094908099263,5,165137.67034489053,165186.8110692926,32,60,0.08470116709043506,positive_definite,0.5461012204458571,0.011871994377905693,0.2254320908235397,0.4899395366577667,0.0011199633757900847,618.9016494141699,0.012478764010338298,0.0010371995069426631,0.0018580612425244368,0.00020755441284692428,0.00018670689255879442
