target_success,width,floor,expected_rank_order,mean_best_minus_runner_up,simulation_interval_low,simulation_interval_high,resolved_best,best_policy_by_mean,both_information_negative_vs_blocked
0.6,0.12,0.1,two_corner_robust_response_information_gain > interleaved_median_item > blocked_median_item > maximum_response_information_gain,0.0005971912607690366,0.0004354646343403499,0.0007589178871977234,True,two_corner_robust_response_information_gain,False
0.6,0.12,0.25,two_corner_robust_response_information_gain > interleaved_median_item > maximum_response_information_gain > blocked_median_item,0.0006003828834243996,0.00038152013502564533,0.0008192456318231538,True,two_corner_robust_response_information_gain,False
0.6,0.12,0.5,two_corner_robust_response_information_gain > maximum_response_information_gain > interleaved_median_item > blocked_median_item,0.0004920041932336306,0.00024838544272654656,0.0007356229437407146,True,two_corner_robust_response_information_gain,False
0.6,0.18,0.1,two_corner_robust_response_information_gain > maximum_response_information_gain > interleaved_median_item > blocked_median_item,0.0004479597546918512,0.00025675286815476537,0.0006391666412289371,True,two_corner_robust_response_information_gain,False
0.6,0.18,0.25,two_corner_robust_response_information_gain > maximum_response_information_gain > interleaved_median_item > blocked_median_item,0.0003864394323981779,9.000644922992838e-05,0.0006828724155664274,True,two_corner_robust_response_information_gain,False
0.6,0.18,0.5,two_corner_robust_response_information_gain > maximum_response_information_gain > interleaved_median_item > blocked_median_item,0.00012367519509726144,-0.00019561118642873144,0.0004429615766232543,False,two_corner_robust_response_information_gain,False
0.6,0.25,0.1,two_corner_robust_response_information_gain > maximum_response_information_gain > interleaved_median_item > blocked_median_item,0.00026908929596973773,8.233834542976872e-05,0.00045584024650970674,True,two_corner_robust_response_information_gain,False
0.6,0.25,0.25,two_corner_robust_response_information_gain > maximum_response_information_gain > interleaved_median_item > blocked_median_item,0.00019877253736710898,-1.8800310881023096e-05,0.00041634538561524106,False,two_corner_robust_response_information_gain,False
0.6,0.25,0.5,two_corner_robust_response_information_gain > maximum_response_information_gain > interleaved_median_item > blocked_median_item,4.670078167798852e-05,-1.502967174410167e-05,0.0001084312351000787,False,two_corner_robust_response_information_gain,False
0.7,0.12,0.1,interleaved_median_item > blocked_median_item > two_corner_robust_response_information_gain > maximum_response_information_gain,2.6860004759998724e-05,2.621394272439787e-05,2.750606679559958e-05,True,interleaved_median_item,True
0.7,0.12,0.25,interleaved_median_item > blocked_median_item > two_corner_robust_response_information_gain > maximum_response_information_gain,2.4756897298294777e-05,2.3719313898651823e-05,2.579448069793773e-05,True,interleaved_median_item,True
0.7,0.12,0.5,interleaved_median_item > blocked_median_item > two_corner_robust_response_information_gain > maximum_response_information_gain,2.1990016327522177e-05,2.1455004139451047e-05,2.2525028515593307e-05,True,interleaved_median_item,True
0.7,0.18,0.1,interleaved_median_item > blocked_median_item > two_corner_robust_response_information_gain > maximum_response_information_gain,2.4332377961777673e-05,2.3674095945224727e-05,2.499065997833062e-05,True,interleaved_median_item,True
0.7,0.18,0.25,interleaved_median_item > blocked_median_item > two_corner_robust_response_information_gain > maximum_response_information_gain,2.2634520426878523e-05,2.2094659596711382e-05,2.3174381257045664e-05,True,interleaved_median_item,True
0.7,0.18,0.5,interleaved_median_item > blocked_median_item > two_corner_robust_response_information_gain > maximum_response_information_gain,2.1412330444769977e-05,2.1022175523610308e-05,2.1802485365929647e-05,True,interleaved_median_item,True
0.7,0.25,0.1,interleaved_median_item > blocked_median_item > two_corner_robust_response_information_gain > maximum_response_information_gain,2.244639191434361e-05,2.215653779607317e-05,2.273624603261405e-05,True,interleaved_median_item,True
0.7,0.25,0.25,interleaved_median_item > blocked_median_item > two_corner_robust_response_information_gain > maximum_response_information_gain,2.0942313510641242e-05,2.0425731881175078e-05,2.1458895140107407e-05,True,interleaved_median_item,True
0.7,0.25,0.5,interleaved_median_item > blocked_median_item > two_corner_robust_response_information_gain > maximum_response_information_gain,2.017083318530677e-05,1.9240804519011915e-05,2.1100861851601626e-05,True,interleaved_median_item,True
0.8,0.12,0.1,interleaved_median_item > blocked_median_item > two_corner_robust_response_information_gain > maximum_response_information_gain,2.6563233702769918e-05,2.4802623144367816e-05,2.832384426117202e-05,True,interleaved_median_item,True
0.8,0.12,0.25,interleaved_median_item > blocked_median_item > two_corner_robust_response_information_gain > maximum_response_information_gain,2.4118744841727936e-05,2.3551977866651543e-05,2.468551181680433e-05,True,interleaved_median_item,True
0.8,0.12,0.5,interleaved_median_item > blocked_median_item > two_corner_robust_response_information_gain > maximum_response_information_gain,2.107464228860989e-05,2.031691150410882e-05,2.183237307311096e-05,True,interleaved_median_item,True
0.8,0.18,0.1,interleaved_median_item > blocked_median_item > two_corner_robust_response_information_gain > maximum_response_information_gain,2.3624958068535486e-05,2.2550904095024383e-05,2.4699012042046588e-05,True,interleaved_median_item,True
0.8,0.18,0.25,interleaved_median_item > blocked_median_item > two_corner_robust_response_information_gain > maximum_response_information_gain,2.2804574770074472e-05,2.2271130502766434e-05,2.333801903738251e-05,True,interleaved_median_item,True
0.8,0.18,0.5,interleaved_median_item > blocked_median_item > two_corner_robust_response_information_gain > maximum_response_information_gain,2.02649045881631e-05,1.9361589938542725e-05,2.1168219237783477e-05,True,interleaved_median_item,True
0.8,0.25,0.1,interleaved_median_item > blocked_median_item > two_corner_robust_response_information_gain > maximum_response_information_gain,2.2095260495824663e-05,2.143455043664863e-05,2.2755970555000695e-05,True,interleaved_median_item,True
0.8,0.25,0.25,interleaved_median_item > blocked_median_item > two_corner_robust_response_information_gain > maximum_response_information_gain,2.1077401009239603e-05,2.0353828369703364e-05,2.1800973648775843e-05,True,interleaved_median_item,True
0.8,0.25,0.5,interleaved_median_item > blocked_median_item > two_corner_robust_response_information_gain > maximum_response_information_gain,2.0088379420601933e-05,1.9602461404067717e-05,2.057429743713615e-05,True,interleaved_median_item,True
