target_success,width,floor,policy,n_independent_replications,latent_benefit_mean,latent_interval_low,latent_interval_high,observed_benefit_mean,observed_interval_low,observed_interval_high,expected_benefit_mean,expected_interval_low,expected_interval_high,mean_challenge_score,mean_effective_learning_power,mean_effective_learning_probability
0.6,0.12,0.1,blocked_median_item,5,0.0,0.0,0.0,0.0,0.0,0.0,0.0,0.0,0.0,0.7952524279525977,1.3722691238330735,0.037749128457652256
0.6,0.12,0.1,interleaved_median_item,5,0.00013747372493277954,0.00013324347264643868,0.0001417039772191204,-1.3333333333320763e-05,-0.00013257330948232565,0.00010590664281568412,2.9011744803986163e-05,2.799752107783033e-05,3.0025968530141997e-05,0.7953494192650513,1.3723278480718344,0.037771632809779826
0.6,0.12,0.1,maximum_response_information_gain,5,-0.004129892675574032,-0.004699701724035134,-0.0035600836271129305,4.0000000000028904e-05,-0.0010734279540060357,0.0011534279540060936,-0.0004034979885337964,-0.0005573097205246434,-0.0002496862565429493,0.7848575161927565,1.3602431145964382,0.043812426069004304
0.6,0.12,0.1,two_corner_robust_response_information_gain,5,0.00020013038898979428,-0.0004466662282405337,0.0008469270062201222,0.0008133333333333436,-0.0007382223177175155,0.0023648889843842025,0.0006262030055730228,0.000464863866911244,0.0007875421442348016,0.8091567346896891,1.4017568437720669,0.04652626330908349
0.6,0.12,0.25,blocked_median_item,5,0.0,0.0,0.0,0.0,0.0,0.0,0.0,0.0,0.0,0.8314791283920935,1.27849419451594,0.036071896538318715
0.6,0.12,0.25,interleaved_median_item,5,0.00011852560002770796,0.00011467868653887088,0.00012237251351654503,9.333333333333416e-05,-6.535372215360252e-05,0.00025202038882027084,2.4903090538341834e-05,2.4038895558787914e-05,2.5767285517895753e-05,0.8315284225205367,1.2785102792214529,0.036087028894884424
0.6,0.12,0.25,maximum_response_information_gain,5,-0.0020736900796064495,-0.0026145688268524796,-0.0015328113323604194,0.00033333333333335213,-0.0002349154461208174,0.0009015821127875217,2.349254640396925e-05,-0.00010030818071474188,0.0001472932735226804,0.8217079541012355,1.2666459214930144,0.04162052397562436
0.6,0.12,0.25,two_corner_robust_response_information_gain,5,0.0005105386046539318,-0.00035485477619697035,0.001375931985504834,0.0008533333333333393,0.00017665493344367798,0.0015300117332230005,0.0006252859739627415,0.0004070727758134809,0.000843499172112002,0.8432568223733325,1.299761673000054,0.043309616542635945
0.6,0.12,0.5,blocked_median_item,5,0.0,0.0,0.0,0.0,0.0,0.0,0.0,0.0,0.0,0.8873847708522316,1.1560371017257796,0.03373533398728832
0.6,0.12,0.5,interleaved_median_item,5,9.922225533429697e-05,9.486739537317422e-05,0.00010357711529541971,4.666666666662822e-05,-6.126211898067416e-05,0.0001545954523139306,2.075010339699368e-05,1.9812215523798972e-05,2.168799127018839e-05,0.887382641847017,1.1560158652984984,0.03374169363052563
0.6,0.12,0.5,maximum_response_information_gain,5,-0.0006536981353016502,-0.0011466900911524238,-0.0001607061794508765,-0.00010666666666665492,-0.001141138302563055,0.0009278049692297452,0.00026094510372298707,0.0001644208707825727,0.00035746933666340144,0.8804274038093123,1.1480882703963433,0.037982615421896786
0.6,0.12,0.5,two_corner_robust_response_information_gain,5,0.0013829437828907665,0.0006510213372983283,0.0021148662284832045,0.0012400000000000189,0.00018828461385976612,0.0022917153861402714,0.0007529492969566177,0.0005649514259522558,0.0009409471679609795,0.8950011513718369,1.1665403566138894,0.039063900328659786
0.6,0.18,0.1,blocked_median_item,5,0.0,0.0,0.0,0.0,0.0,0.0,0.0,0.0,0.0,0.8930195849653696,1.2225541128384771,0.03538571107676923
0.6,0.18,0.1,interleaved_median_item,5,0.00011328341010906629,0.00011000283284622618,0.00011656398737190639,7.333333333336967e-05,-7.416417870716418e-05,0.00022083084537390351,2.390087525032669e-05,2.3180918560681983e-05,2.46208319399714e-05,0.8930190248290124,1.2225286680242795,0.035396825419454346
0.6,0.18,0.1,maximum_response_information_gain,5,-0.0014984837570396925,-0.0017035917563786563,-0.0012933757577007288,-0.0004733333333332923,-0.001688642695631282,0.0007419760289646972,5.9997307238623955e-05,-5.57660719882057e-06,0.00012557122167606847,0.8834056026202468,1.2084077891323168,0.03928002533864039
0.6,0.18,0.1,two_corner_robust_response_information_gain,5,0.00031765339053066997,-0.00030584267832032544,0.0009411494593816654,0.0003266666666666862,-0.0005064725021088853,0.0011598058354422576,0.0005079570619304751,0.00035127595709159127,0.000664638166769359,0.9014848508136966,1.2328470778330392,0.040760801276624514
0.6,0.18,0.25,blocked_median_item,5,0.0,0.0,0.0,0.0,0.0,0.0,0.0,0.0,0.0,0.9114523430930157,1.174759379960913,0.03440009818392359
0.6,0.18,0.25,interleaved_median_item,5,0.00010926632450589669,0.0001042740287108953,0.00011425862030089808,-4.4408920985006264e-17,-0.00015486270902569744,0.00015486270902560865,2.301333656157256e-05,2.195947433116144e-05,2.4067198791983683e-05,0.911437671120915,1.1747247918477224,0.034408199634623576
0.6,0.18,0.25,maximum_response_information_gain,5,-0.0004114467072394934,-0.0013315362037357211,0.0005086427892567343,0.00027333333333336987,-0.0014790803820086797,0.0020257470486754196,0.0003164662156361353,9.417124177630573e-05,0.0005387611894959649,0.9044956074297679,1.1649698643293878,0.038455973405287745
0.6,0.18,0.25,two_corner_robust_response_information_gain,5,0.0011793338659434438,0.000515284521874809,0.0018433832100120786,0.00023333333333332983,-0.0021033934209197286,0.002570060087586388,0.0007029056480343133,0.0005423558680062786,0.0008634554280623479,0.9177575668892113,1.1820666555163555,0.03941531389513294
0.6,0.18,0.5,blocked_median_item,5,0.0,0.0,0.0,0.0,0.0,0.0,0.0,0.0,0.0,0.9412780929957754,1.106071464626424,0.03300716560886583
0.6,0.18,0.5,interleaved_median_item,5,9.897675358399028e-05,9.555170514402688e-05,0.00010240180202395368,4.666666666665042e-05,-0.00011522651180423465,0.0002085598451375355,2.0787087551521476e-05,2.009591202506193e-05,2.147826307798102e-05,0.9412639887541016,1.1060490920080461,0.0330119271567726
0.6,0.18,0.5,maximum_response_information_gain,5,0.0006006058101542755,5.3511701869627206e-05,0.0011476999184389237,0.0003533333333332944,-0.0008197306958212723,0.001526397362487861,0.0005153653497072197,0.00036025324719018986,0.0006704774522242496,0.936993439080559,1.1003888348283473,0.036786616211792425
0.6,0.18,0.5,two_corner_robust_response_information_gain,5,0.0011236129732035028,0.000451940274998251,0.0017952856714087545,0.0005800000000000027,-0.000430683647377584,0.0015906836473775893,0.0006390405448044812,0.0004549183269608567,0.0008231627626481056,0.945969535918399,1.1107658639120297,0.036922766863225404
0.6,0.25,0.1,blocked_median_item,5,0.0,0.0,0.0,0.0,0.0,0.0,0.0,0.0,0.0,0.9405178759446551,1.1295629744255598,0.03355169661046453
0.6,0.25,0.1,interleaved_median_item,5,0.00010335891065933467,0.00010081367485830589,0.00010590414646036344,0.0,-0.0001275688489584926,0.0001275688489584926,2.1784526180523845e-05,2.1252778711252106e-05,2.2316273649795584e-05,0.940502761089957,1.1295378878624458,0.03355745829253377
0.6,0.25,0.1,maximum_response_information_gain,5,-0.00011345095182495602,-0.0007940166317072134,0.0005671147280573013,0.00043999999999995155,-7.975500606373403e-05,0.0009597550060636371,0.00034798590186834176,0.0001779602992455135,0.0005180115044911701,0.9358095960773628,1.122710384199349,0.03698003043860515
0.6,0.25,0.1,two_corner_robust_response_information_gain,5,0.0010548374394802496,0.000738167199771207,0.0013715076791892922,0.00040000000000002257,-0.00018312691839426145,0.0009831269183943065,0.0006170751978380795,0.0005224987945554584,0.0007116516011207006,0.944862288123244,1.1332296350327156,0.0373914882771287
0.6,0.25,0.25,blocked_median_item,5,0.0,0.0,0.0,0.0,0.0,0.0,0.0,0.0,0.0,0.9509007489177763,1.1047427257518363,0.0330249548734709
0.6,0.25,0.25,interleaved_median_item,5,0.00010105478689458325,9.873790129905465e-05,0.00010337167249011185,-1.9999999999986696e-05,-0.00015283161307826697,0.0001128316130782936,2.125255148937022e-05,2.0753413883857717e-05,2.175168909488272e-05,0.9508826526792677,1.1047170170010285,0.03302965161064673
0.6,0.25,0.25,maximum_response_information_gain,5,0.00021854192181242071,-1.978732111676903e-05,0.00045687116474161046,0.00046666666666670407,-0.0002502083769392987,0.0011835417102727067,0.0004064613986906718,0.00033609621023022226,0.0004768265871511213,0.9466346458200887,1.0987812254853608,0.0360787592544839
0.6,0.25,0.25,two_corner_robust_response_information_gain,5,0.0010160989269917598,0.0003887207877797241,0.0016434770662037954,0.0010266666666667091,-0.0001893472637014399,0.002242680597034858,0.0006052339360577807,0.00044274586161770213,0.0007677220104978593,0.9544956907161606,1.1081221238601282,0.03687642525903682
0.6,0.25,0.5,blocked_median_item,5,0.0,0.0,0.0,0.0,0.0,0.0,0.0,0.0,0.0,0.9673394410532122,1.0660784094477862,0.032209108579260855
0.6,0.25,0.5,interleaved_median_item,5,9.482613866454992e-05,9.081478948852172e-05,9.883748784057813e-05,0.00011333333333333196,1.506953835746981e-06,0.00022515971283091694,1.9924855801933816e-05,1.9080245497039527e-05,2.0769466106828106e-05,0.9673269845303507,1.0660628555195004,0.032211954211055535
0.6,0.25,0.5,maximum_response_information_gain,5,0.0009406394667405893,0.00064008963834508,0.0012411892951360985,0.0003533333333333166,-0.0005229957067679105,0.0012296623734345438,0.0005647967621781547,0.0004894345471001151,0.0006401589772561943,0.964129908088141,1.0616374198233414,0.035212527579422684
0.6,0.25,0.5,two_corner_robust_response_information_gain,5,0.0012073662480234005,0.0009092563419950612,0.0015054761540517398,0.0002999999999999892,2.7022116131975753e-05,0.0005729778838680026,0.0006114975438561432,0.0005546778672496797,0.0006683172204626067,0.9694684537854996,1.0674836419820426,0.035682166662685075
0.7,0.12,0.1,blocked_median_item,5,0.0,0.0,0.0,0.0,0.0,0.0,0.0,0.0,0.0,0.843967524452783,1.385071083807627,0.04181518761963439
0.7,0.12,0.1,interleaved_median_item,5,0.0001243066199660303,0.00012106262387502505,0.00012755061605703556,-1.9999999999997796e-05,-7.552890210392186e-05,3.5528902103926264e-05,2.6860004759998724e-05,2.621394272439787e-05,2.750606679559958e-05,0.8437526826223432,1.3845926367780883,0.04183488811221929
0.7,0.12,0.1,maximum_response_information_gain,5,-0.03441310268011053,-0.0352971969046394,-0.03352900845558166,-0.008073333333333377,-0.009679890665090004,-0.00646677600157675,-0.008067135560639527,-0.008276531783523387,-0.007857739337755668,0.46610949203062396,0.7371899196767281,0.025799203764559447
0.7,0.12,0.1,two_corner_robust_response_information_gain,5,-0.029883352857990687,-0.030633363861379336,-0.02913334185460204,-0.007006666666666694,-0.00854123700908739,-0.0054720963242459965,-0.00697207254413793,-0.007160167217615437,-0.006783977870660423,0.5046846568352205,0.8005904753064763,0.029124213711841818
0.7,0.12,0.25,blocked_median_item,5,0.0,0.0,0.0,0.0,0.0,0.0,0.0,0.0,0.0,0.8696762269235359,1.288523502057045,0.03917800952015647
0.7,0.12,0.25,interleaved_median_item,5,0.0001153884815155659,0.00011056972239187712,0.0001202072406392547,1.3333333333320763e-05,-6.185315554335686e-05,8.851982220999838e-05,2.4756897298294777e-05,2.3719313898651823e-05,2.579448069793773e-05,0.8694727525138184,1.2881574683638217,0.03919216588786112
0.7,0.12,0.25,maximum_response_information_gain,5,-0.024802519729830642,-0.025184945654430618,-0.024420093805230667,-0.005586666666666707,-0.006224913633320693,-0.0049484197000127204,-0.005719390514176859,-0.005805778539868963,-0.005633002488484754,0.5636539012269208,0.8164785755848838,0.028159453062720868
0.7,0.12,0.25,two_corner_robust_response_information_gain,5,-0.021328842311970818,-0.021681257246749408,-0.020976427377192228,-0.004533333333333334,-0.005332683831963588,-0.0037339828347030795,-0.004879084738935646,-0.0049560899059558775,-0.004802079571915414,0.5942854087859116,0.8606199602564594,0.03066955072658442
0.7,0.12,0.5,blocked_median_item,5,0.0,0.0,0.0,0.0,0.0,0.0,0.0,0.0,0.0,0.9127919858920818,1.164969971022725,0.035701063685806625
0.7,0.12,0.5,interleaved_median_item,5,0.00010347786443946073,0.00010107177264403498,0.00010588395623488647,2.6666666666674832e-05,-0.00010871963447632696,0.00016205296780967662,2.1990016327522177e-05,2.1455004139451047e-05,2.2525028515593307e-05,0.912623775486335,1.1647361381128667,0.03570787843981825
0.7,0.12,0.5,maximum_response_information_gain,5,-0.012938404100617562,-0.013332891749105588,-0.012543916452129536,-0.0028333333333332876,-0.0033342917142501712,-0.002332374952416404,-0.0028420372063192034,-0.0029515688528967583,-0.0027325055597416485,0.7116417113377291,0.89843182141485,0.030544444698986078
0.7,0.12,0.5,two_corner_robust_response_information_gain,5,-0.010881012693078207,-0.01143072594776215,-0.010331299438394264,-0.0023400000000000087,-0.003352715514693876,-0.0013272844853061414,-0.0023413715583254003,-0.002481627852212277,-0.0022011152644385236,0.7323710155615417,0.9245747130291694,0.032146288224299616
0.7,0.18,0.1,blocked_median_item,5,0.0,0.0,0.0,0.0,0.0,0.0,0.0,0.0,0.0,0.9221707283437001,1.2518443305965246,0.03775983535257058
0.7,0.18,0.1,interleaved_median_item,5,0.00011380874627328063,0.00011066020905930401,0.00011695728348725725,6.00000000000378e-05,-6.890468485153754e-05,0.00018890468485161316,2.4332377961777673e-05,2.3674095945224727e-05,2.499065997833062e-05,0.9220160317015142,1.2515929161166373,0.03776673682948249
0.7,0.18,0.1,maximum_response_information_gain,5,-0.018699067758555166,-0.019548200321791203,-0.01784993519531913,-0.004379999999999995,-0.0053456105485811785,-0.0034143894514188115,-0.004200481852338844,-0.004405284471893095,-0.003995679232784594,0.6715925538830478,0.8899106436897688,0.02991567573059331
0.7,0.18,0.1,two_corner_robust_response_information_gain,5,-0.014977750217611097,-0.015294862681874093,-0.014660637753348102,-0.0031800000000000383,-0.004518145412327692,-0.0018418545876723843,-0.003322040771819801,-0.003407760025024716,-0.0032363215186148857,0.7019692415487284,0.93076233966472,0.03265245922599822
0.7,0.18,0.25,blocked_median_item,5,0.0,0.0,0.0,0.0,0.0,0.0,0.0,0.0,0.0,0.9343652743951771,1.1962556877758002,0.03627576998995056
0.7,0.18,0.25,interleaved_median_item,5,0.00010615159354672165,0.00010354228317018232,0.00010876090392326099,3.999999999998449e-05,-5.881440550218325e-05,0.00013881440550215222,2.2634520426878523e-05,2.2094659596711382e-05,2.3174381257045664e-05,0.9342291761234126,1.196058044430567,0.03628049943698883
0.7,0.18,0.25,maximum_response_information_gain,5,-0.014308378596572458,-0.014743005935596118,-0.013873751257548798,-0.0035666666666666624,-0.0053432540867480146,-0.0017900792465853105,-0.003161221888831922,-0.0032695996953538632,-0.003052844082309981,0.7251413441893655,0.9129076416177396,0.030804948841039202
0.7,0.18,0.25,two_corner_robust_response_information_gain,5,-0.011873647702169032,-0.012364068105912476,-0.011383227298425589,-0.0025266666666666883,-0.004549516476951065,-0.0005038168563823112,-0.0025768826689041902,-0.0027115409534364063,-0.002442224384371974,0.7490639142667255,0.9433725737364291,0.03236065901231479
0.7,0.18,0.5,blocked_median_item,5,0.0,0.0,0.0,0.0,0.0,0.0,0.0,0.0,0.0,0.9559523590096857,1.1187023433997123,0.034149112886217275
0.7,0.18,0.5,interleaved_median_item,5,0.0001010529338071886,9.924528886327881e-05,0.0001028605787510984,1.3333333333331865e-05,-5.592337557887775e-05,8.259004224554148e-05,2.1412330444769977e-05,2.1022175523610308e-05,2.1802485365929647e-05,0.9558530943333624,1.1185778073201305,0.034151902703783134
0.7,0.18,0.5,maximum_response_information_gain,5,-0.007427771760596513,-0.0077010299372902,-0.007154513583902827,-0.002033333333333287,-0.0028678079088217687,-0.0011988587578448057,-0.0014799195174559187,-0.001571106532586263,-0.0013887325023255745,0.8201478528380145,0.9503568489663972,0.03217339504130615
0.7,0.18,0.5,two_corner_robust_response_information_gain,5,-0.00631165008425173,-0.006796385455227557,-0.005826914713275903,-0.001513333333333322,-0.002435384394299073,-0.0005912822723675711,-0.0012099228569387055,-0.0013133662581773947,-0.0011064794557000164,0.8365819856456467,0.9696794738445519,0.03298452849130609
0.7,0.25,0.1,blocked_median_item,5,0.0,0.0,0.0,0.0,0.0,0.0,0.0,0.0,0.0,0.95704354974859,1.1574112089551707,0.03506028017441618
0.7,0.25,0.1,interleaved_median_item,5,0.00010559452299340189,0.00010426194700602069,0.00010692709898078308,-2.6666666666652626e-05,-0.0001297239474138976,7.639061408059236e-05,2.244639191434361e-05,2.215653779607317e-05,2.273624603261405e-05,0.9569473574747864,1.1572811322094645,0.03506337705645882
0.7,0.25,0.1,maximum_response_information_gain,5,-0.009882900609523093,-0.01032372300412359,-0.009442078214922597,-0.0022599999999999955,-0.003047149254885522,-0.0014728507451144692,-0.002074577930693844,-0.0021941741342975684,-0.001954981727090119,0.8003655144166032,0.9535265888780309,0.03185832808916662
0.7,0.25,0.1,two_corner_robust_response_information_gain,5,-0.008113636363791176,-0.008683135430728215,-0.007544137296854138,-0.0016600000000000614,-0.002062770657344711,-0.0012572293426554118,-0.0016415527420334918,-0.0017767848787462156,-0.0015063206053207681,0.8222075602171486,0.9797923586056323,0.03328313227223766
0.7,0.25,0.25,blocked_median_item,5,0.0,0.0,0.0,0.0,0.0,0.0,0.0,0.0,0.0,0.9641499656278605,1.1262849983738412,0.034238421472578495
0.7,0.25,0.25,interleaved_median_item,5,9.872795617488217e-05,9.633270523985397e-05,0.00010112320710991037,1.999999999996449e-05,-0.00012807707227723388,0.00016807707227716286,2.0942313510641242e-05,2.0425731881175078e-05,2.1458895140107407e-05,0.9640692344757458,1.1261823420655974,0.03424060630100961
0.7,0.25,0.25,maximum_response_information_gain,5,-0.0071641870718417875,-0.007678940262609662,-0.006649433881073913,-0.0016933333333333579,-0.0021414041307846678,-0.0012452625358820477,-0.001404681580293543,-0.0015481919905446814,-0.0012611711700424048,0.835141358353962,0.9642422595117066,0.032667238187544315
0.7,0.25,0.25,two_corner_robust_response_information_gain,5,-0.00574316409745339,-0.006289031432600911,-0.005197296762305869,-0.0016666666666666496,-0.0024409802117949814,-0.0008923531215383181,-0.0010711532558149938,-0.0012042343852032636,-0.000938072126426724,0.8521184687197672,0.9841134656151093,0.033793901268727305
0.7,0.25,0.5,blocked_median_item,5,0.0,0.0,0.0,0.0,0.0,0.0,0.0,0.0,0.0,0.9759155104262014,1.0791453335543313,0.03296641223882648
0.7,0.25,0.5,interleaved_median_item,5,9.547459054315421e-05,9.102883325610453e-05,9.99203478302039e-05,-3.333333333328525e-05,-0.0001466812301096613,8.001456344309079e-05,2.017083318530677e-05,1.9240804519011915e-05,2.1100861851601626e-05,0.9758601050035297,1.0790808141313857,0.0329678645676866
0.7,0.25,0.5,maximum_response_information_gain,5,-0.003930658513461372,-0.00437048647366664,-0.0034908305532561036,-0.0008266666666665867,-0.0021797069879906463,0.0005263736546574729,-0.0006265503530264782,-0.0007374944101330995,-0.0005156062959198569,0.8911163870543966,0.9784255467234658,0.03278782430195411
0.7,0.25,0.5,two_corner_robust_response_information_gain,5,-0.003085334980102039,-0.0036251176699335706,-0.0025455522902705073,-0.0006533333333332281,-0.0021284826531115615,0.0008218159864451053,-0.00043957731711854466,-0.0005676195844416538,-0.00031153504979543556,0.9015328449545382,0.9902338519179683,0.033340131370169376
0.8,0.12,0.1,blocked_median_item,5,0.0,0.0,0.0,0.0,0.0,0.0,0.0,0.0,0.0,0.5793619257055381,1.0831920358035614,0.0368056538486007
0.8,0.12,0.1,interleaved_median_item,5,0.00011787753554024505,0.00011027272513416432,0.0001254823459463258,1.3333333333342967e-05,-7.249230893093851e-05,9.915897559762446e-05,2.6563233702769918e-05,2.4802623144367816e-05,2.832384426117202e-05,0.5793244297226637,1.0829021006124493,0.03681059154574296
0.8,0.12,0.1,maximum_response_information_gain,5,-0.03833433040680031,-0.03883209061745064,-0.03783657019614998,-0.009806666666666708,-0.011202089304738013,-0.008411244028595404,-0.009264225686189887,-0.009385697320625422,-0.009142754051754352,0.2092502557947496,0.38262766108139934,0.013624657964533665
0.8,0.12,0.1,two_corner_robust_response_information_gain,5,-0.03542089128557323,-0.03597562379470582,-0.034866158776440635,-0.009113333333333407,-0.01054127692283677,-0.007685389743830045,-0.00855874506015405,-0.008689001164669908,-0.008428488955638191,0.22948703091893732,0.4187167152333876,0.015906289591557897
0.8,0.12,0.25,blocked_median_item,5,0.0,0.0,0.0,0.0,0.0,0.0,0.0,0.0,0.0,0.6494374205700788,1.066489199629091,0.035315210559516544
0.8,0.12,0.25,interleaved_median_item,5,0.00010904322156657376,0.00010646844359925867,0.00011161799953388884,3.333333333335187e-05,-9.423551562512958e-05,0.0001609021822918333,2.4118744841727936e-05,2.3551977866651543e-05,2.468551181680433e-05,0.6493701896525267,1.0662616050149567,0.035317007936281106
0.8,0.12,0.25,maximum_response_information_gain,5,-0.025869153063619265,-0.026347410610103244,-0.025390895517135286,-0.00673333333333338,-0.007692000155539858,-0.0057746665111269024,-0.006173473181009925,-0.006297088088569035,-0.006049858273450816,0.348903804236846,0.5660184925228751,0.019760687323858647
0.8,0.12,0.25,two_corner_robust_response_information_gain,5,-0.023683061184269695,-0.02448592870914213,-0.02288019365939726,-0.005906666666666627,-0.006719511507776264,-0.00509382182555699,-0.005630602355540459,-0.005819237177126479,-0.0054419675339544395,0.3632019707030131,0.5885244827927358,0.02145810303870761
0.8,0.12,0.5,blocked_median_item,5,0.0,0.0,0.0,0.0,0.0,0.0,0.0,0.0,0.0,0.7654825280845513,1.0392700668099901,0.0333627210222475
0.8,0.12,0.5,interleaved_median_item,5,9.749490206207856e-05,9.409647327263491e-05,0.0001008933308515222,3.999999999999559e-05,-3.961294626998602e-05,0.0001196129462699772,2.107464228860989e-05,2.031691150410882e-05,2.183237307311096e-05,0.7654214369966151,1.0391529932921828,0.033362777730455394
0.8,0.12,0.5,maximum_response_information_gain,5,-0.012645095770175774,-0.01289744534603932,-0.012392746194312229,-0.0026000000000000354,-0.0037941941940499886,-0.0014058058059500825,-0.0028795044867423792,-0.002952652637846067,-0.0028063563356386916,0.5678042484899726,0.7646657107699132,0.026192715703291534
0.8,0.12,0.5,two_corner_robust_response_information_gain,5,-0.011768480170739004,-0.012591870317791718,-0.01094509002368629,-0.00252,-0.0036042759720292796,-0.0014357240279707208,-0.002663179614188682,-0.002863735478898995,-0.002462623749478369,0.5785018525613543,0.7784925516209056,0.027079599043338187
0.8,0.18,0.1,blocked_median_item,5,0.0,0.0,0.0,0.0,0.0,0.0,0.0,0.0,0.0,0.7516667012070162,1.1584403093054711,0.036916233046987094
0.8,0.18,0.1,interleaved_median_item,5,0.00010842485606219477,0.00010343697473324338,0.00011341273739114615,2.666666666666373e-05,-0.00015703620587902937,0.0002103695392123568,2.3624958068535486e-05,2.2550904095024383e-05,2.4699012042046588e-05,0.7515172140931442,1.158109776818264,0.03691588125800436
0.8,0.18,0.1,maximum_response_information_gain,5,-0.028733681915096898,-0.029340047690257963,-0.028127316139935833,-0.00753999999999998,-0.008104771369672765,-0.006975228630327195,-0.0067712321614463835,-0.006916064638052193,-0.006626399684840574,0.41108746636301036,0.6122662107794187,0.021332916879096143
0.8,0.18,0.1,two_corner_robust_response_information_gain,5,-0.024460381290791235,-0.024882209469066285,-0.024038553112516185,-0.006699999999999984,-0.0074310719672309525,-0.005968928032769015,-0.0057309141302347546,-0.005824005135632887,-0.005637823124836622,0.4406210343989576,0.6558884790130918,0.024482685473324373
0.8,0.18,0.25,blocked_median_item,5,0.0,0.0,0.0,0.0,0.0,0.0,0.0,0.0,0.0,0.7924879746618292,1.1211002785381572,0.03550692097358638
0.8,0.18,0.25,interleaved_median_item,5,0.00010543327367822375,0.00010297815352160575,0.00010788839383484175,-1.3333333333354069e-05,-0.00013955220938793313,0.000112885542721225,2.2804574770074472e-05,2.2271130502766434e-05,2.333801903738251e-05,0.7923511290144452,1.1208485311133063,0.035506206667366855
0.8,0.18,0.25,maximum_response_information_gain,5,-0.020854123216089548,-0.021353639954669018,-0.020354606477510077,-0.004633333333333345,-0.005458518477584257,-0.0038081481890824337,-0.0048411690364577485,-0.004963547569240754,-0.004718790503674743,0.5127740613161162,0.7088619318218035,0.024474757122342962
0.8,0.18,0.25,two_corner_robust_response_information_gain,5,-0.018261107314572332,-0.01868660246955464,-0.017835612159590026,-0.003379999999999994,-0.004093641814702527,-0.002666358185297461,-0.004222191911101336,-0.004325660681934781,-0.004118723140267891,0.5341374320892582,0.7396672615942734,0.026263209354178568
0.8,0.18,0.5,blocked_median_item,5,0.0,0.0,0.0,0.0,0.0,0.0,0.0,0.0,0.0,0.8614304660388928,1.0715616430520676,0.033575624782818114
0.8,0.18,0.5,interleaved_median_item,5,9.495969566415407e-05,9.067072251953094e-05,9.924866880877721e-05,1.9999999999986696e-05,-9.92399761489476e-05,0.000139239976148921,2.02649045881631e-05,1.9361589938542725e-05,2.1168219237783477e-05,0.8613394803193419,1.0714304250320779,0.033575068311659254
0.8,0.18,0.5,maximum_response_information_gain,5,-0.011047586273379761,-0.011539783946657002,-0.01055538860010252,-0.0026266666666666773,-0.002805646309701954,-0.0024476870236314007,-0.0024269819058237775,-0.002540516178879845,-0.00231344763276771,0.6794494852497449,0.8348111473656967,0.028335036918731342
0.8,0.18,0.5,two_corner_robust_response_information_gain,5,-0.009600112758726432,-0.010012110613752076,-0.009188114903700787,-0.0021466666666667524,-0.0029757867103166915,-0.0013175466230168132,-0.0020817528701326583,-0.002191598857780072,-0.0019719068824852444,0.6936398258986858,0.852092403281949,0.029459335346986186
0.8,0.25,0.1,blocked_median_item,5,0.0,0.0,0.0,0.0,0.0,0.0,0.0,0.0,0.0,0.8522255756995085,1.1394444147328362,0.035414237038027
0.8,0.25,0.1,interleaved_median_item,5,0.00010286008333137975,9.982917139468372e-05,0.00010589099526807578,-2.666666666666373e-05,-8.805617776643615e-05,3.472284443310868e-05,2.2095260495824663e-05,2.143455043664863e-05,2.2755970555000695e-05,0.8520976106301574,1.1392338425763497,0.035413114486469076
0.8,0.25,0.1,maximum_response_information_gain,5,-0.017780046718073195,-0.018109711022959538,-0.017450382413186853,-0.0042399999999999435,-0.005162886714885641,-0.0033171132851142456,-0.004045915264895427,-0.004140016385149895,-0.0039518141446409595,0.603162241151449,0.7868869986288493,0.02684778375497049
0.8,0.25,0.1,two_corner_robust_response_information_gain,5,-0.015182496778521005,-0.016120331727473937,-0.014244661829568073,-0.003519999999999934,-0.005183706204348976,-0.0018562937956508924,-0.003418518825857497,-0.003668319277509458,-0.0031687183742055364,0.6278165983106624,0.8195090727993091,0.02877222355191189
0.8,0.25,0.25,blocked_median_item,5,0.0,0.0,0.0,0.0,0.0,0.0,0.0,0.0,0.0,0.8774012973226462,1.110634620965005,0.03447374221776743
0.8,0.25,0.25,interleaved_median_item,5,9.857681141286489e-05,9.520160546778202e-05,0.00010195201735794776,3.3333333333374074e-05,-2.5199268872340408e-05,9.186593553908856e-05,2.1077401009239603e-05,2.0353828369703364e-05,2.1800973648775843e-05,0.877294603312515,1.1104754302996764,0.03447291388529438
0.8,0.25,0.25,maximum_response_information_gain,5,-0.01350879991650834,-0.01402248940143431,-0.01299511043158237,-0.0029933333333332923,-0.0037222933886874097,-0.002264373277979175,-0.0030067803338044265,-0.0031287311256907773,-0.0028848295419180757,0.6725339287590119,0.8358185853197029,0.028265034263166528
0.8,0.25,0.25,two_corner_robust_response_information_gain,5,-0.011161427353002995,-0.011669398234108135,-0.010653456471897855,-0.0020999999999999465,-0.002906816242389674,-0.001293183757610219,-0.0024495497570891866,-0.002562913663093211,-0.002336185851085162,0.6901247159146733,0.8589932308382954,0.02980528622685489
0.8,0.25,0.5,blocked_median_item,5,0.0,0.0,0.0,0.0,0.0,0.0,0.0,0.0,0.0,0.9178186055830168,1.0672630829238285,0.033037031605794645
0.8,0.25,0.5,interleaved_median_item,5,9.464365403062391e-05,9.232864458528998e-05,9.695866347595784e-05,3.999999999997339e-05,-8.553844588988822e-05,0.000165538445889835,2.0088379420601933e-05,1.9602461404067717e-05,2.057429743713615e-05,0.9177467132844367,1.0671707976556053,0.03303650949640931
0.8,0.25,0.5,maximum_response_information_gain,5,-0.007399952433686785,-0.007787741520967788,-0.007012163346405782,-0.0016133333333333,-0.0025279228024089983,-0.0006987438642576016,-0.0015098708025878204,-0.0016045164275453726,-0.0014152251776302681,0.7823904052696924,0.9001369016848896,0.030335189723029322
0.8,0.25,0.5,two_corner_robust_response_information_gain,5,-0.0065682186048104715,-0.007309887845030615,-0.005826549364590328,-0.0010133333333332995,-0.002076872487171746,5.020582050514711e-05,-0.0013117936042665423,-0.0014981352987623506,-0.001125451909770734,0.7958203713332633,0.9159309774787806,0.031125856074375114
