skill_id,probability,gap_ms,sample_size,method,gap_days
85,0.01,9621.92,100000,deterministic_min_hash_sample,0.00011136481481481482
85,0.05,43412.9,100000,deterministic_min_hash_sample,0.0005024641203703703
85,0.1,91580.6,100000,deterministic_min_hash_sample,0.0010599606481481482
85,0.25,281590.5,100000,deterministic_min_hash_sample,0.0032591493055555555
85,0.5,4710472.5,100000,deterministic_min_hash_sample,0.05451935763888889
85,0.75,127576994.0,100000,deterministic_min_hash_sample,1.4765855787037037
85,0.9,432629548.60000026,100000,deterministic_min_hash_sample,5.007286442129633
85,0.95,1039023150.7999996,100000,deterministic_min_hash_sample,12.025730912037032
85,0.99,7751487589.129992,100000,deterministic_min_hash_sample,89.71629154085639
74,0.01,10941.95,100000,deterministic_min_hash_sample,0.00012664293981481484
74,0.05,19618.750000000004,100000,deterministic_min_hash_sample,0.0002270688657407408
74,0.1,29156.700000000004,100000,deterministic_min_hash_sample,0.0003374618055555556
74,0.25,74749.0,100000,deterministic_min_hash_sample,0.000865150462962963
74,0.5,985339.0,100000,deterministic_min_hash_sample,0.011404386574074074
74,0.75,143199940.0,100000,deterministic_min_hash_sample,1.657406712962963
74,0.9,597410702.0000011,100000,deterministic_min_hash_sample,6.914475717592605
74,0.95,1466278138.9999976,100000,deterministic_min_hash_sample,16.970811793981454
74,0.99,9081348204.339972,100000,deterministic_min_hash_sample,105.10819680949041
77,0.01,11934.84,100000,deterministic_min_hash_sample,0.00013813472222222223
77,0.05,45073.65000000001,100000,deterministic_min_hash_sample,0.000521685763888889
77,0.1,96526.90000000004,100000,deterministic_min_hash_sample,0.001117209490740741
77,0.25,312531.0,100000,deterministic_min_hash_sample,0.0036172569444444446
77,0.5,6838379.5,100000,deterministic_min_hash_sample,0.07914791087962963
77,0.75,149491600.5,100000,deterministic_min_hash_sample,1.7302268576388888
77,0.9,484801884.7000001,100000,deterministic_min_hash_sample,5.61113292476852
77,0.95,1127739390.8499997,100000,deterministic_min_hash_sample,13.05253924594907
77,0.99,7689513720.519984,100000,deterministic_min_hash_sample,88.99900139490722
76,0.01,18698.47,100000,deterministic_min_hash_sample,0.00021641747685185187
76,0.05,56872.95,100000,deterministic_min_hash_sample,0.0006582517361111111
76,0.1,117829.20000000004,100000,deterministic_min_hash_sample,0.0013637638888888894
76,0.25,438634.75,100000,deterministic_min_hash_sample,0.005076791087962963
76,0.5,18987254.5,100000,deterministic_min_hash_sample,0.21975989004629629
76,0.75,176361994.5,100000,deterministic_min_hash_sample,2.0412267881944444
76,0.9,591124644.9000001,100000,deterministic_min_hash_sample,6.8417204270833345
76,0.95,1367985695.549999,100000,deterministic_min_hash_sample,15.833167772569432
76,0.99,8567420758.149997,100000,deterministic_min_hash_sample,99.15996247858793
83,0.01,15479.94,100000,deterministic_min_hash_sample,0.00017916597222222223
83,0.05,46523.7,100000,deterministic_min_hash_sample,0.00053846875
83,0.1,99618.8,100000,deterministic_min_hash_sample,0.0011529953703703704
83,0.25,458022.5,100000,deterministic_min_hash_sample,0.005301186342592593
83,0.5,29836425.0,100000,deterministic_min_hash_sample,0.34532899305555553
83,0.75,213307795.75,100000,deterministic_min_hash_sample,2.468840228587963
83,0.9,698737107.4000006,100000,deterministic_min_hash_sample,8.087235039351858
83,0.95,1688076748.349993,100000,deterministic_min_hash_sample,19.53792532812492
83,0.99,11150437368.869984,100000,deterministic_min_hash_sample,129.0559880656248
78,0.01,16116.98,100000,deterministic_min_hash_sample,0.00018653912037037035
78,0.05,36572.9,100000,deterministic_min_hash_sample,0.0004232974537037037
78,0.1,68607.20000000001,100000,deterministic_min_hash_sample,0.0007940648148148149
78,0.25,348576.5,100000,deterministic_min_hash_sample,0.004034450231481482
78,0.5,39548065.5,100000,deterministic_min_hash_sample,0.4577322395833333
78,0.75,234248339.5,100000,deterministic_min_hash_sample,2.7112076331018518
78,0.9,893154217.1000017,100000,deterministic_min_hash_sample,10.337433068287057
78,0.95,2013174083.85,100000,deterministic_min_hash_sample,23.30062597048611
78,0.99,11304747383.349943,100000,deterministic_min_hash_sample,130.8419836035873
71,0.01,12000.0,100000,deterministic_min_hash_sample,0.0001388888888888889
71,0.05,36779.850000000006,100000,deterministic_min_hash_sample,0.0004256927083333334
71,0.1,105492.30000000002,100000,deterministic_min_hash_sample,0.0012209756944444447
71,0.25,899013.5,100000,deterministic_min_hash_sample,0.010405248842592592
71,0.5,80475517.5,100000,deterministic_min_hash_sample,0.9314296006944445
71,0.75,347901688.5,100000,deterministic_min_hash_sample,4.026639913194445
71,0.9,1330359539.0000007,100000,deterministic_min_hash_sample,15.397679849537045
71,0.95,3181080765.749996,100000,deterministic_min_hash_sample,36.818064418402734
71,0.99,15902876213.759932,100000,deterministic_min_hash_sample,184.0610672888881
143,0.01,35904.200000000004,100000,deterministic_min_hash_sample,0.00041555787037037044
143,0.05,97590.85,100000,deterministic_min_hash_sample,0.0011295237268518518
143,0.1,123178.9,100000,deterministic_min_hash_sample,0.0014256817129629628
143,0.25,186000.0,100000,deterministic_min_hash_sample,0.0021527777777777778
143,0.5,407194.0,100000,deterministic_min_hash_sample,0.004712893518518518
143,0.75,22407836.0,100000,deterministic_min_hash_sample,0.25934995370370373
143,0.9,209958232.6,100000,deterministic_min_hash_sample,2.430072136574074
143,0.95,584964533.0499991,100000,deterministic_min_hash_sample,6.7704228362268415
143,0.99,5257340521.389915,100000,deterministic_min_hash_sample,60.848848627198095
84,0.01,13369.98,100000,deterministic_min_hash_sample,0.00015474513888888888
84,0.05,34645.55,100000,deterministic_min_hash_sample,0.00040099016203703705
84,0.1,79318.60000000002,100000,deterministic_min_hash_sample,0.0009180393518518521
84,0.25,595116.75,100000,deterministic_min_hash_sample,0.006887925347222222
84,0.5,66695899.0,100000,deterministic_min_hash_sample,0.7719432754629629
84,0.75,302799239.75,100000,deterministic_min_hash_sample,3.5046208304398148
84,0.9,1128819633.6,100000,deterministic_min_hash_sample,13.065042055555555
84,0.95,2546422870.299992,100000,deterministic_min_hash_sample,29.472486924768425
84,0.99,12487349549.04992,100000,deterministic_min_hash_sample,144.52950866955925
119,0.01,13889.72,100000,deterministic_min_hash_sample,0.00016076064814814813
119,0.05,50280.80000000002,100000,deterministic_min_hash_sample,0.0005819537037037039
119,0.1,123750.50000000007,100000,deterministic_min_hash_sample,0.0014322974537037045
119,0.25,879133.5,100000,deterministic_min_hash_sample,0.01017515625
119,0.5,70390411.0,100000,deterministic_min_hash_sample,0.8147038310185185
119,0.75,299611155.0,100000,deterministic_min_hash_sample,3.467721701388889
119,0.9,1108244714.3,100000,deterministic_min_hash_sample,12.826906415509258
119,0.95,2444245302.349995,100000,deterministic_min_hash_sample,28.289876184606424
119,0.99,12491838791.239922,100000,deterministic_min_hash_sample,144.5814674912028
80,0.01,14086.0,100000,deterministic_min_hash_sample,0.00016303240740740742
80,0.05,42620.75,100000,deterministic_min_hash_sample,0.0004932957175925926
80,0.1,134423.00000000003,100000,deterministic_min_hash_sample,0.0015558217592592596
80,0.25,1379442.0,100000,deterministic_min_hash_sample,0.01596576388888889
80,0.5,86460446.0,100000,deterministic_min_hash_sample,1.0006996064814815
80,0.75,382799691.5,100000,deterministic_min_hash_sample,4.430551984953704
80,0.9,1383488250.7000003,100000,deterministic_min_hash_sample,16.012595494212967
80,0.95,3192033215.5999894,100000,deterministic_min_hash_sample,36.94482888425914
80,0.99,14878261938.819992,100000,deterministic_min_hash_sample,172.20210577337954
98,0.01,15000.0,100000,deterministic_min_hash_sample,0.00017361111111111112
98,0.05,50233.9,100000,deterministic_min_hash_sample,0.0005814108796296296
98,0.1,148474.40000000002,100000,deterministic_min_hash_sample,0.001718453703703704
98,0.25,1558243.0,100000,deterministic_min_hash_sample,0.018035219907407408
98,0.5,87715264.5,100000,deterministic_min_hash_sample,1.01522296875
98,0.75,388429700.75,100000,deterministic_min_hash_sample,4.495714129050926
98,0.9,1336975182.6000006,100000,deterministic_min_hash_sample,15.474249798611119
98,0.95,3041899799.049993,100000,deterministic_min_hash_sample,35.20717360011566
98,0.99,13988853477.99998,100000,deterministic_min_hash_sample,161.9080263657405
96,0.01,13025.96,100000,deterministic_min_hash_sample,0.00015076342592592592
96,0.05,47142.9,100000,deterministic_min_hash_sample,0.0005456354166666667
96,0.1,191000.0,100000,deterministic_min_hash_sample,0.002210648148148148
96,0.25,3382547.25,100000,deterministic_min_hash_sample,0.039149852430555555
96,0.5,134348476.5,100000,deterministic_min_hash_sample,1.55495921875
96,0.75,544875502.0,100000,deterministic_min_hash_sample,6.306429421296296
96,0.9,1960715015.6000023,100000,deterministic_min_hash_sample,22.69346082870373
96,0.95,4668301845.399995,100000,deterministic_min_hash_sample,54.03127135879624
96,0.99,18842939664.29998,100000,deterministic_min_hash_sample,218.08957944791644
86,0.01,15971.94,100000,deterministic_min_hash_sample,0.00018486041666666668
86,0.05,68051.25000000003,100000,deterministic_min_hash_sample,0.0007876302083333336
86,0.1,203096.20000000007,100000,deterministic_min_hash_sample,0.0023506504629629637
86,0.25,2336645.0,100000,deterministic_min_hash_sample,0.027044502314814815
86,0.5,91028679.0,100000,deterministic_min_hash_sample,1.053572673611111
86,0.75,392319870.0,100000,deterministic_min_hash_sample,4.540739236111111
86,0.9,1353343022.5000012,100000,deterministic_min_hash_sample,15.663692390046311
86,0.95,3041060709.849992,100000,deterministic_min_hash_sample,35.19746191956009
86,0.99,13648120699.589989,100000,deterministic_min_hash_sample,157.9643599489582
106,0.01,14995.99,100000,deterministic_min_hash_sample,0.00017356469907407407
106,0.05,45439.55000000002,100000,deterministic_min_hash_sample,0.0005259207175925928
106,0.1,146323.10000000003,100000,deterministic_min_hash_sample,0.0016935543981481485
106,0.25,1667145.25,100000,deterministic_min_hash_sample,0.01929566261574074
106,0.5,91311784.5,100000,deterministic_min_hash_sample,1.0568493576388889
106,0.75,420858405.25,100000,deterministic_min_hash_sample,4.871046357060186
106,0.9,1387839120.1000004,100000,deterministic_min_hash_sample,16.06295277893519
106,0.95,3105380008.599977,100000,deterministic_min_hash_sample,35.94189824768492
106,0.99,14349784485.719992,100000,deterministic_min_hash_sample,166.08546858472212
87,0.01,16909.96,100000,deterministic_min_hash_sample,0.00019571712962962963
87,0.05,55843.05000000002,100000,deterministic_min_hash_sample,0.0006463315972222224
87,0.1,181087.9,100000,deterministic_min_hash_sample,0.0020959247685185187
87,0.25,2511782.25,100000,deterministic_min_hash_sample,0.029071553819444443
87,0.5,99436275.5,100000,deterministic_min_hash_sample,1.150882818287037
87,0.75,433813189.75,100000,deterministic_min_hash_sample,5.020985992476852
87,0.9,1456961522.0000002,100000,deterministic_min_hash_sample,16.862980578703706
87,0.95,3241785759.049998,100000,deterministic_min_hash_sample,37.52066850752312
87,0.99,14149836212.499985,100000,deterministic_min_hash_sample,163.77125245949057
103,0.01,14229.95,100000,deterministic_min_hash_sample,0.0001646984953703704
103,0.05,36419.95000000001,100000,deterministic_min_hash_sample,0.0004215271990740742
103,0.1,111696.8,100000,deterministic_min_hash_sample,0.0012927870370370372
103,0.25,1398111.5,100000,deterministic_min_hash_sample,0.016181846064814816
103,0.5,96671286.0,100000,deterministic_min_hash_sample,1.118880625
103,0.75,451602869.75,100000,deterministic_min_hash_sample,5.226885066550926
103,0.9,1564058412.4000013,100000,deterministic_min_hash_sample,18.10252792129631
103,0.95,3467934337.4499683,100000,deterministic_min_hash_sample,40.13812890567093
103,0.99,14779670355.699928,100000,deterministic_min_hash_sample,171.06099948726768
88,0.01,19113.92,100000,deterministic_min_hash_sample,0.0002212259259259259
88,0.05,75929.35000000002,100000,deterministic_min_hash_sample,0.0008788119212962965
88,0.1,245760.3,100000,deterministic_min_hash_sample,0.0028444479166666666
88,0.25,4696418.75,100000,deterministic_min_hash_sample,0.05435669849537037
88,0.5,120405620.0,100000,deterministic_min_hash_sample,1.3935835648148147
88,0.75,476217288.75,100000,deterministic_min_hash_sample,5.511774175347222
88,0.9,1562348349.5000038,100000,deterministic_min_hash_sample,18.082735526620414
88,0.95,3473032098.4999976,100000,deterministic_min_hash_sample,40.1971307696759
88,0.99,15039928972.739944,100000,deterministic_min_hash_sample,174.07325199930492
94,0.01,20004.95,100000,deterministic_min_hash_sample,0.00023153877314814817
94,0.05,66062.9,100000,deterministic_min_hash_sample,0.0007646168981481481
94,0.1,201402.6,100000,deterministic_min_hash_sample,0.002331048611111111
94,0.25,3737087.25,100000,deterministic_min_hash_sample,0.04325332465277778
94,0.5,132813979.0,100000,deterministic_min_hash_sample,1.5371988310185185
94,0.75,510044960.75,100000,deterministic_min_hash_sample,5.903298156828703
94,0.9,1632981691.2000003,100000,deterministic_min_hash_sample,18.900251055555557
94,0.95,3693805664.749986,100000,deterministic_min_hash_sample,42.75238037905076
94,0.99,15229054039.16991,100000,deterministic_min_hash_sample,176.26219952742952
90,0.01,17950.81,100000,deterministic_min_hash_sample,0.00020776400462962965
90,0.05,50585.450000000026,100000,deterministic_min_hash_sample,0.0005854797453703706
90,0.1,148005.8,100000,deterministic_min_hash_sample,0.0017130300925925924
90,0.25,2326256.75,100000,deterministic_min_hash_sample,0.026924267939814815
90,0.5,116376641.0,100000,deterministic_min_hash_sample,1.3469518634259259
90,0.75,485000408.25,100000,deterministic_min_hash_sample,5.613430651041667
90,0.9,1642456786.1000009,100000,deterministic_min_hash_sample,19.009916505787047
90,0.95,3699190601.9999895,100000,deterministic_min_hash_sample,42.81470604166655
90,0.99,15322172574.929983,100000,deterministic_min_hash_sample,177.33996035798592
