world_model,practice_budget,items_per_day,policy,n_independent_replications,expected_benefit_mean,simulation_interval_low,simulation_interval_high
binary_bktf,50,1,blocked_median_item,5,0.0,0.0,0.0
binary_bktf,50,1,interleaved_median_item,5,-0.0008853982176120989,-0.0022644683083066627,0.0004936718730824647
binary_bktf,50,1,maximum_response_information_gain,5,0.004442274700816229,0.0037967694751523747,0.005087779926480084
binary_bktf,50,1,two_corner_robust_response_information_gain,5,0.004725470262924058,0.0037439103806562214,0.005707030145191895
binary_bktf,50,5,blocked_median_item,5,0.0,0.0,0.0
binary_bktf,50,5,interleaved_median_item,5,5.648263085528127e-05,-0.001139808982203174,0.0012527742439137365
binary_bktf,50,5,maximum_response_information_gain,5,0.004813255973579933,0.003997716192154809,0.0056287957550050565
binary_bktf,50,5,two_corner_robust_response_information_gain,5,0.0041659539047070645,0.003321264874213897,0.0050106429352002315
binary_bktf,50,10,blocked_median_item,5,0.0,0.0,0.0
binary_bktf,50,10,interleaved_median_item,5,0.0001439803151878527,-0.0013969590893171228,0.0016849197196928283
binary_bktf,50,10,maximum_response_information_gain,5,0.0035242301315352,0.001995394481976133,0.005053065781094266
binary_bktf,50,10,two_corner_robust_response_information_gain,5,0.0031247816153315623,0.002227203257180491,0.004022359973482634
binary_bktf,100,1,blocked_median_item,5,0.0,0.0,0.0
binary_bktf,100,1,interleaved_median_item,5,0.00011072554789265387,-0.0010928163930374079,0.0013142674888227156
binary_bktf,100,1,maximum_response_information_gain,5,0.004033233649164835,0.0025528614246415667,0.005513605873688104
binary_bktf,100,1,two_corner_robust_response_information_gain,5,0.003959224562877539,0.002479944491542313,0.005438504634212764
binary_bktf,100,5,blocked_median_item,5,0.0,0.0,0.0
binary_bktf,100,5,interleaved_median_item,5,-1.986031274370248e-05,-0.0022097829271945984,0.0021700623017071935
binary_bktf,100,5,maximum_response_information_gain,5,0.004366186926573157,0.0023943969574318218,0.0063379768957144925
binary_bktf,100,5,two_corner_robust_response_information_gain,5,0.0053251370839079715,0.0025470258961899786,0.008103248271625965
binary_bktf,100,10,blocked_median_item,5,0.0,0.0,0.0
binary_bktf,100,10,interleaved_median_item,5,-0.00023787834057958923,-0.0021766645700095387,0.0017009078888503603
binary_bktf,100,10,maximum_response_information_gain,5,0.0041764895496545825,0.002583526739791641,0.005769452359517524
binary_bktf,100,10,two_corner_robust_response_information_gain,5,0.004340743680711456,0.0032837865716390793,0.005397700789783833
binary_bktf,200,1,blocked_median_item,5,0.0,0.0,0.0
binary_bktf,200,1,interleaved_median_item,5,0.0012778947306414268,-0.0015574680697440478,0.004113257531026902
binary_bktf,200,1,maximum_response_information_gain,5,0.005040371896103879,0.0036746155025773894,0.006406128289630368
binary_bktf,200,1,two_corner_robust_response_information_gain,5,0.0036677152372692977,0.00042547376532613016,0.006909956709212465
binary_bktf,200,5,blocked_median_item,5,0.0,0.0,0.0
binary_bktf,200,5,interleaved_median_item,5,8.56267600354843e-05,-0.0013128453359129502,0.0014840988559839188
binary_bktf,200,5,maximum_response_information_gain,5,0.006429580231478715,0.005468091397336821,0.00739106906562061
binary_bktf,200,5,two_corner_robust_response_information_gain,5,0.004151692403214824,0.0018457355473324396,0.006457649259097208
binary_bktf,200,10,blocked_median_item,5,0.0,0.0,0.0
binary_bktf,200,10,interleaved_median_item,5,-0.00037866626046874076,-0.004088280540762054,0.0033309480198245723
binary_bktf,200,10,maximum_response_information_gain,5,0.008031424115693585,0.0065642241916597475,0.009498624039727423
binary_bktf,200,10,two_corner_robust_response_information_gain,5,0.005743861089171698,0.0036110967655542613,0.007876625412789134
continuous_latent_trait,50,1,blocked_median_item,5,0.0,0.0,0.0
continuous_latent_trait,50,1,interleaved_median_item,5,-3.838608094064444e-05,-5.051171075448042e-05,-2.626045112680846e-05
continuous_latent_trait,50,1,maximum_response_information_gain,5,0.001832877684427392,0.0017300146484807001,0.001935740720374084
continuous_latent_trait,50,1,two_corner_robust_response_information_gain,5,0.001866267397867083,0.0017714655575582752,0.0019610692381758906
continuous_latent_trait,50,5,blocked_median_item,5,0.0,0.0,0.0
continuous_latent_trait,50,5,interleaved_median_item,5,-5.073127977699432e-05,-6.199181112195531e-05,-3.9470748432033335e-05
continuous_latent_trait,50,5,maximum_response_information_gain,5,0.0016857738867596117,0.001421864429171355,0.0019496833443478684
continuous_latent_trait,50,5,two_corner_robust_response_information_gain,5,0.00163090024805006,0.0013678591541858925,0.0018939413419142277
continuous_latent_trait,50,10,blocked_median_item,5,0.0,0.0,0.0
continuous_latent_trait,50,10,interleaved_median_item,5,-4.569855830843794e-05,-5.559156466343845e-05,-3.580555195343744e-05
continuous_latent_trait,50,10,maximum_response_information_gain,5,0.001708474432291629,0.0015576518366418658,0.001859297027941392
continuous_latent_trait,50,10,two_corner_robust_response_information_gain,5,0.0017563079570622974,0.0016001236533370767,0.0019124922607875181
continuous_latent_trait,100,1,blocked_median_item,5,0.0,0.0,0.0
continuous_latent_trait,100,1,interleaved_median_item,5,7.970497543681176e-05,7.769780149447466e-05,8.171214937914887e-05
continuous_latent_trait,100,1,maximum_response_information_gain,5,0.000981409681272327,0.000835160203837446,0.0011276591587072082
continuous_latent_trait,100,1,two_corner_robust_response_information_gain,5,0.000906848661428461,0.0008309815269189277,0.0009827157959379942
continuous_latent_trait,100,5,blocked_median_item,5,0.0,0.0,0.0
continuous_latent_trait,100,5,interleaved_median_item,5,1.6933319968615024e-05,1.635550203259843e-05,1.7511137904631618e-05
continuous_latent_trait,100,5,maximum_response_information_gain,5,0.0007405620597951912,0.000502402745933973,0.0009787213736564093
continuous_latent_trait,100,5,two_corner_robust_response_information_gain,5,0.0007557658391020739,0.0006689954339972762,0.0008425362442068716
continuous_latent_trait,100,10,blocked_median_item,5,0.0,0.0,0.0
continuous_latent_trait,100,10,interleaved_median_item,5,9.813494913313293e-06,9.168582514138795e-06,1.045840731248779e-05
continuous_latent_trait,100,10,maximum_response_information_gain,5,0.000628678811980532,0.000475464977340984,0.0007818926466200799
continuous_latent_trait,100,10,two_corner_robust_response_information_gain,5,0.000720833029017498,0.0005799683445934934,0.0008616977134415025
continuous_latent_trait,200,1,blocked_median_item,5,0.0,0.0,0.0
continuous_latent_trait,200,1,interleaved_median_item,5,0.00042295235975654545,0.00040478334948986254,0.00044112137002322836
continuous_latent_trait,200,1,maximum_response_information_gain,5,-0.00036794317043468137,-0.0005740155812733555,-0.00016187075959600724
continuous_latent_trait,200,1,two_corner_robust_response_information_gain,5,-0.0003782864870291891,-0.000612831031392148,-0.00014374194266623022
continuous_latent_trait,200,5,blocked_median_item,5,0.0,0.0,0.0
continuous_latent_trait,200,5,interleaved_median_item,5,9.59871733958395e-05,9.322700373886698e-05,9.874734305281202e-05
continuous_latent_trait,200,5,maximum_response_information_gain,5,-0.0007635597527607008,-0.001029808696364111,-0.0004973108091572906
continuous_latent_trait,200,5,two_corner_robust_response_information_gain,5,-0.0009247851296367183,-0.0010754856703716225,-0.0007740845889018139
continuous_latent_trait,200,10,blocked_median_item,5,0.0,0.0,0.0
continuous_latent_trait,200,10,interleaved_median_item,5,5.292960492411236e-05,5.118749594145288e-05,5.4671713906771846e-05
continuous_latent_trait,200,10,maximum_response_information_gain,5,-0.0008238673220131387,-0.001150370602986667,-0.0004973640410396104
continuous_latent_trait,200,10,two_corner_robust_response_information_gain,5,-0.0008583226497691498,-0.00104042884788534,-0.0006762164516529598
four_state_semimarkov,50,1,blocked_median_item,5,0.0,0.0,0.0
four_state_semimarkov,50,1,interleaved_median_item,5,-9.07499478312479e-05,-0.0009908832896743432,0.0008093833940118473
four_state_semimarkov,50,1,maximum_response_information_gain,5,0.003346002531764736,0.0022087157833807465,0.004483289280148725
four_state_semimarkov,50,1,two_corner_robust_response_information_gain,5,0.003182042665357365,0.0024313502016767683,0.003932735129037962
four_state_semimarkov,50,5,blocked_median_item,5,0.0,0.0,0.0
four_state_semimarkov,50,5,interleaved_median_item,5,0.00011451009605549789,-0.0007840220043591414,0.0010130421964701373
four_state_semimarkov,50,5,maximum_response_information_gain,5,0.003376992778599608,0.002293020605950725,0.004460964951248491
four_state_semimarkov,50,5,two_corner_robust_response_information_gain,5,0.0034066442979026833,0.0025464428055679933,0.004266845790237373
four_state_semimarkov,50,10,blocked_median_item,5,0.0,0.0,0.0
four_state_semimarkov,50,10,interleaved_median_item,5,-0.0003918172723304414,-0.0008247058789215073,4.107133426062455e-05
four_state_semimarkov,50,10,maximum_response_information_gain,5,0.0024165798082730118,0.001739797954513407,0.0030933616620326164
four_state_semimarkov,50,10,two_corner_robust_response_information_gain,5,0.0030190509498637663,0.0018427385882552087,0.004195363311472324
four_state_semimarkov,100,1,blocked_median_item,5,0.0,0.0,0.0
four_state_semimarkov,100,1,interleaved_median_item,5,0.0003934282641846143,-0.0009380564763733524,0.0017249130047425811
four_state_semimarkov,100,1,maximum_response_information_gain,5,0.0020113179510493407,0.001082429285748416,0.0029402066163502654
four_state_semimarkov,100,1,two_corner_robust_response_information_gain,5,0.0018904896281955908,4.244477558755359e-05,0.0037385344808036278
four_state_semimarkov,100,5,blocked_median_item,5,0.0,0.0,0.0
four_state_semimarkov,100,5,interleaved_median_item,5,-0.0004296291680490727,-0.0017398481438501306,0.0008805898077519853
four_state_semimarkov,100,5,maximum_response_information_gain,5,0.002163994093413291,-0.00011621333342111276,0.004444201520247694
four_state_semimarkov,100,5,two_corner_robust_response_information_gain,5,0.0025633694247834903,0.0012645293131134715,0.0038622095364535093
four_state_semimarkov,100,10,blocked_median_item,5,0.0,0.0,0.0
four_state_semimarkov,100,10,interleaved_median_item,5,5.971862328343347e-05,-0.0004933614999666102,0.0006127987465334772
four_state_semimarkov,100,10,maximum_response_information_gain,5,0.0024730112356840307,0.0018739659088582758,0.0030720565625097854
four_state_semimarkov,100,10,two_corner_robust_response_information_gain,5,0.00259062312840288,0.0016554100791824067,0.0035258361776233536
four_state_semimarkov,200,1,blocked_median_item,5,0.0,0.0,0.0
four_state_semimarkov,200,1,interleaved_median_item,5,-0.0001747782062095915,-0.002177514972141252,0.0018279585597220688
four_state_semimarkov,200,1,maximum_response_information_gain,5,0.0015106083424873517,0.00027240865754120163,0.002748808027433502
four_state_semimarkov,200,1,two_corner_robust_response_information_gain,5,0.002029998300479052,0.0011501898632304635,0.0029098067377276407
four_state_semimarkov,200,5,blocked_median_item,5,0.0,0.0,0.0
four_state_semimarkov,200,5,interleaved_median_item,5,0.00037733796154929553,-0.0021800267929716886,0.00293470271607028
four_state_semimarkov,200,5,maximum_response_information_gain,5,0.0012072699036783541,0.00020251252821397708,0.002212027279142731
four_state_semimarkov,200,5,two_corner_robust_response_information_gain,5,0.0009093508256395322,-0.0007820222828914375,0.002600723934170502
four_state_semimarkov,200,10,blocked_median_item,5,0.0,0.0,0.0
four_state_semimarkov,200,10,interleaved_median_item,5,0.00031568427750308106,-0.0005955318277782766,0.0012269003827844386
four_state_semimarkov,200,10,maximum_response_information_gain,5,0.0013814842073793022,0.0007732275088184233,0.001989740905940181
four_state_semimarkov,200,10,two_corner_robust_response_information_gain,5,0.000649679992179919,-0.0011613951118859614,0.0024607550962457993
