skill_id,world_model,initial_latent,initial_target,one_step_gain,gain_target,retention_30d,retention_target,mean_learning_probability_after_heterogeneity,target_learning_probability,mean_30d_retention_factor_after_heterogeneity,target_30d_retention_factor,initial_abs_error,gain_abs_error,retention_abs_error
71,binary_bktf,0.354616637657986,0.354616637657986,0.09197052698679757,0.09197052698679754,0.34241433529548276,0.3424143352954862,0.14250526486001786,0.1425052648600178,0.9655901583098537,0.9655901583098635,0.0,2.7755575615628914e-17,3.4416913763379853e-15
71,continuous_latent_trait,0.354616637657986,0.354616637657986,0.09197052698679757,0.09197052698679754,0.34241433529548276,0.3424143352954862,0.14250526486001786,0.1425052648600178,0.9655901583098537,0.9655901583098635,0.0,2.7755575615628914e-17,3.4416913763379853e-15
71,four_state_semimarkov,0.354616637657986,0.354616637657986,0.09197052698679758,0.09197052698679754,0.34241433529548276,0.3424143352954862,0.14250526486001786,0.1425052648600178,0.9655901583098537,0.9655901583098635,0.0,4.163336342344337e-17,3.4416913763379853e-15
74,binary_bktf,0.3077411066344242,0.3077411066344242,0.012189812535266837,0.012189812535266822,0.29820919150913827,0.2982091915091394,0.017608748189572924,0.0176087481895729,0.9690261881828832,0.9690261881828868,0.0,1.5612511283791264e-17,1.1102230246251565e-15
74,continuous_latent_trait,0.3077411066344242,0.3077411066344242,0.012189812535266837,0.012189812535266822,0.29820919150913827,0.2982091915091394,0.017608748189572924,0.0176087481895729,0.9690261881828832,0.9690261881828868,0.0,1.5612511283791264e-17,1.1102230246251565e-15
74,four_state_semimarkov,0.3077411066344242,0.3077411066344242,0.012189812535266837,0.012189812535266822,0.29820919150913827,0.2982091915091394,0.017608748189572924,0.0176087481895729,0.9690261881828832,0.9690261881828868,0.0,1.5612511283791264e-17,1.1102230246251565e-15
76,binary_bktf,0.3730067720165737,0.3730067720165737,0.009774130200818796,0.00977413020081882,0.35400215606750385,0.35400215606763297,0.01558889277361886,0.0155888927736189,0.9490502120207475,0.9490502120210936,0.0,2.42861286636753e-17,1.291189377639057e-13
76,continuous_latent_trait,0.3730067720165737,0.3730067720165737,0.009774130200818796,0.00977413020081882,0.35400215606750385,0.35400215606763297,0.01558889277361886,0.0155888927736189,0.9490502120207475,0.9490502120210936,0.0,2.42861286636753e-17,1.291189377639057e-13
76,four_state_semimarkov,0.3730067720165737,0.3730067720165737,0.009774130200818795,0.00977413020081882,0.35400215606750385,0.35400215606763297,0.01558889277361886,0.0155888927736189,0.9490502120207475,0.9490502120210936,0.0,2.6020852139652106e-17,1.291189377639057e-13
77,binary_bktf,0.3710625315600121,0.3710625315600121,0.009230435471320731,0.009230435471320707,0.355937284111362,0.35593728411137904,0.01467623720083944,0.0146762372008394,0.9592380093321173,0.9592380093321633,0.0,2.42861286636753e-17,1.7041923427996153e-14
77,continuous_latent_trait,0.3710625315600121,0.3710625315600121,0.009230435471320731,0.009230435471320707,0.355937284111362,0.35593728411137904,0.01467623720083944,0.0146762372008394,0.9592380093321173,0.9592380093321633,0.0,2.42861286636753e-17,1.7041923427996153e-14
77,four_state_semimarkov,0.3710625315600121,0.3710625315600121,0.009230435471320733,0.009230435471320707,0.355937284111362,0.35593728411137904,0.01467623720083944,0.0146762372008394,0.9592380093321173,0.9592380093321633,0.0,2.6020852139652106e-17,1.7041923427996153e-14
78,binary_bktf,0.5165337203871039,0.5165337203871039,0.0135237415166809,0.013523741516680876,0.4994870708154358,0.4994870708154392,0.027972460721581553,0.0279724607215815,0.9669979927759743,0.9669979927759809,0.0,2.42861286636753e-17,3.3861802251067274e-15
78,continuous_latent_trait,0.5165337203871039,0.5165337203871039,0.0135237415166809,0.013523741516680876,0.4994870708154358,0.4994870708154392,0.027972460721581553,0.0279724607215815,0.9669979927759743,0.9669979927759809,0.0,2.42861286636753e-17,3.3861802251067274e-15
78,four_state_semimarkov,0.5165337203871039,0.5165337203871039,0.013523741516680898,0.013523741516680876,0.4994870708154358,0.4994870708154392,0.027972460721581553,0.0279724607215815,0.9669979927759743,0.9669979927759809,0.0,2.2551405187698492e-17,3.3861802251067274e-15
80,binary_bktf,0.6438822987545423,0.6438822987545423,0.012340101833705935,0.012340101833705945,0.6262546471405782,0.6262546471405788,0.03465175078505967,0.0346517507850597,0.9726228665579701,0.972622866557971,0.0,1.0408340855860843e-17,5.551115123125783e-16
80,continuous_latent_trait,0.6438822987545423,0.6438822987545423,0.012340101833705935,0.012340101833705945,0.6262546471405782,0.6262546471405788,0.03465175078505967,0.0346517507850597,0.9726228665579701,0.972622866557971,0.0,1.0408340855860843e-17,5.551115123125783e-16
80,four_state_semimarkov,0.6438822987545423,0.6438822987545423,0.012340101833705935,0.012340101833705945,0.6262546471405782,0.6262546471405788,0.03465175078505967,0.0346517507850597,0.9726228665579701,0.972622866557971,0.0,1.0408340855860843e-17,5.551115123125783e-16
83,binary_bktf,0.3887230103399143,0.3887230103399143,0.007465031827750641,0.0074650318277506705,0.37387476820397314,0.373874768203983,0.012212191778888552,0.0122121917788886,0.96180251299516,0.9618025129951855,0.0,2.949029909160572e-17,9.880984919163893e-15
83,continuous_latent_trait,0.3887230103399143,0.3887230103399143,0.007465031827750641,0.0074650318277506705,0.37387476820397314,0.373874768203983,0.012212191778888552,0.0122121917788886,0.96180251299516,0.9618025129951855,0.0,2.949029909160572e-17,9.880984919163893e-15
83,four_state_semimarkov,0.3887230103399143,0.3887230103399143,0.007465031827750642,0.0074650318277506705,0.37387476820397314,0.373874768203983,0.012212191778888552,0.0122121917788886,0.96180251299516,0.9618025129951855,0.0,2.862293735361732e-17,9.880984919163893e-15
84,binary_bktf,0.5091926090912997,0.5091926090912997,0.014030010086780457,0.01403001008678048,0.490817851531809,0.4908178515318166,0.028585572154495757,0.0285855721544958,0.9639139350583228,0.9639139350583378,0.0,2.2551405187698492e-17,7.605027718682322e-15
84,continuous_latent_trait,0.5091926090912997,0.5091926090912997,0.014030010086780457,0.01403001008678048,0.490817851531809,0.4908178515318166,0.028585572154495757,0.0285855721544958,0.9639139350583228,0.9639139350583378,0.0,2.2551405187698492e-17,7.605027718682322e-15
84,four_state_semimarkov,0.5091926090912997,0.5091926090912997,0.014030010086780455,0.01403001008678048,0.490817851531809,0.4908178515318166,0.028585572154495757,0.0285855721544958,0.9639139350583228,0.9639139350583378,0.0,2.42861286636753e-17,7.605027718682322e-15
85,binary_bktf,0.2443369050945841,0.2443369050945841,0.010460899257682236,0.010460899257682277,0.23391143447833815,0.23391143447835522,0.013843337498163246,0.0138433374981633,0.9573315762012693,0.9573315762013391,0.0,4.163336342344337e-17,1.7069679003611782e-14
85,continuous_latent_trait,0.2443369050945841,0.2443369050945841,0.010460899257682236,0.010460899257682277,0.23391143447833815,0.23391143447835522,0.013843337498163246,0.0138433374981633,0.9573315762012693,0.9573315762013391,0.0,4.163336342344337e-17,1.7069679003611782e-14
85,four_state_semimarkov,0.2443369050945841,0.2443369050945841,0.010460899257682238,0.010460899257682277,0.23391143447833815,0.23391143447835522,0.013843337498163246,0.0138433374981633,0.9573315762012693,0.9573315762013391,0.0,3.9898639947466563e-17,1.7069679003611782e-14
86,binary_bktf,0.6756854469573333,0.6756854469573333,0.009746751098360382,0.009746751098360373,0.6556962398415134,0.6556962398415148,0.030053388005311328,0.0300533880053113,0.9704164012917061,0.9704164012917083,0.0,8.673617379884035e-18,1.4432899320127035e-15
86,continuous_latent_trait,0.6756854469573333,0.6756854469573333,0.009746751098360382,0.009746751098360373,0.6556962398415134,0.6556962398415148,0.030053388005311328,0.0300533880053113,0.9704164012917061,0.9704164012917083,0.0,8.673617379884035e-18,1.4432899320127035e-15
86,four_state_semimarkov,0.6756854469573333,0.6756854469573333,0.009746751098360382,0.009746751098360373,0.6556962398415134,0.6556962398415148,0.030053388005311328,0.0300533880053113,0.9704164012917061,0.9704164012917083,0.0,8.673617379884035e-18,1.4432899320127035e-15
87,binary_bktf,0.534237489064374,0.534237489064374,0.010975564301785727,0.010975564301785699,0.5197317574678939,0.5197317574678944,0.02356472245852926,0.0235647224585292,0.9728477841907268,0.9728477841907277,0.0,2.7755575615628914e-17,4.440892098500626e-16
87,continuous_latent_trait,0.534237489064374,0.534237489064374,0.010975564301785727,0.010975564301785699,0.5197317574678939,0.5197317574678944,0.02356472245852926,0.0235647224585292,0.9728477841907268,0.9728477841907277,0.0,2.7755575615628914e-17,4.440892098500626e-16
87,four_state_semimarkov,0.534237489064374,0.534237489064374,0.010975564301785727,0.010975564301785699,0.5197317574678939,0.5197317574678944,0.02356472245852926,0.0235647224585292,0.9728477841907268,0.9728477841907277,0.0,2.7755575615628914e-17,4.440892098500626e-16
88,binary_bktf,0.6698108969970661,0.6698108969970661,0.008343152579693406,0.008343152579693423,0.6508227611136099,0.650822761113611,0.025267801098872947,0.025267801098873,0.9716514975068563,0.9716514975068579,0.0,1.734723475976807e-17,1.1102230246251565e-15
88,continuous_latent_trait,0.6698108969970661,0.6698108969970661,0.008343152579693406,0.008343152579693423,0.6508227611136099,0.650822761113611,0.025267801098872947,0.025267801098873,0.9716514975068563,0.9716514975068579,0.0,1.734723475976807e-17,1.1102230246251565e-15
88,four_state_semimarkov,0.6698108969970661,0.6698108969970661,0.008343152579693406,0.008343152579693423,0.6508227611136099,0.650822761113611,0.025267801098872947,0.025267801098873,0.9716514975068563,0.9716514975068579,0.0,1.734723475976807e-17,1.1102230246251565e-15
90,binary_bktf,0.6169935294972233,0.6169935294972233,0.0034896735797827014,0.0034896735797827058,0.5959834651455763,0.5959834651455818,0.009111265340248089,0.0091112653402481,0.9659476747369332,0.9659476747369421,0.0,4.336808689942018e-18,5.440092820663267e-15
90,continuous_latent_trait,0.6169935294972233,0.6169935294972233,0.0034896735797827014,0.0034896735797827058,0.5959834651455763,0.5959834651455818,0.009111265340248089,0.0091112653402481,0.9659476747369332,0.9659476747369421,0.0,4.336808689942018e-18,5.440092820663267e-15
90,four_state_semimarkov,0.6169935294972233,0.6169935294972233,0.003489673579782701,0.0034896735797827058,0.5959834651455763,0.5959834651455818,0.009111265340248089,0.0091112653402481,0.9659476747369332,0.9659476747369421,0.0,4.7704895589362195e-18,5.440092820663267e-15
94,binary_bktf,0.6013958170699678,0.6013958170699678,0.0035431999924362503,0.003543199992436258,0.5830211405936051,0.583021140593607,0.00888901859080138,0.0088890185908014,0.9694466174276284,0.9694466174276316,0.0,7.806255641895632e-18,1.887379141862766e-15
94,continuous_latent_trait,0.6013958170699678,0.6013958170699678,0.0035431999924362503,0.003543199992436258,0.5830211405936051,0.583021140593607,0.00888901859080138,0.0088890185908014,0.9694466174276284,0.9694466174276316,0.0,7.806255641895632e-18,1.887379141862766e-15
94,four_state_semimarkov,0.6013958170699678,0.6013958170699678,0.0035431999924362503,0.003543199992436258,0.5830211405936051,0.583021140593607,0.00888901859080138,0.0088890185908014,0.9694466174276284,0.9694466174276316,0.0,7.806255641895632e-18,1.887379141862766e-15
96,binary_bktf,0.7030489283241578,0.7030489283241578,0.022505428195059914,0.022505428195059907,0.6842203889849162,0.6842203889849165,0.07578833801828233,0.0757883380182823,0.9732187354525627,0.9732187354525632,0.0,6.938893903907228e-18,3.3306690738754696e-16
96,continuous_latent_trait,0.7030489283241578,0.7030489283241578,0.022505428195059914,0.022505428195059907,0.6842203889849162,0.6842203889849165,0.07578833801828233,0.0757883380182823,0.9732187354525627,0.9732187354525632,0.0,6.938893903907228e-18,3.3306690738754696e-16
96,four_state_semimarkov,0.7030489283241578,0.7030489283241578,0.022505428195059917,0.022505428195059907,0.6842203889849162,0.6842203889849165,0.07578833801828233,0.0757883380182823,0.9732187354525627,0.9732187354525632,0.0,1.0408340855860843e-17,3.3306690738754696e-16
98,binary_bktf,0.6869539053375859,0.6869539053375859,0.010613478472322626,0.010613478472322616,0.6668522156479163,0.6668522156479176,0.03390388397519573,0.0339038839751957,0.9707379352042679,0.9707379352042699,0.0,1.0408340855860843e-17,1.3322676295501878e-15
98,continuous_latent_trait,0.6869539053375859,0.6869539053375859,0.010613478472322626,0.010613478472322616,0.6668522156479163,0.6668522156479176,0.03390388397519573,0.0339038839751957,0.9707379352042679,0.9707379352042699,0.0,1.0408340855860843e-17,1.3322676295501878e-15
98,four_state_semimarkov,0.6869539053375859,0.6869539053375859,0.010613478472322626,0.010613478472322616,0.6668522156479163,0.6668522156479176,0.03390388397519573,0.0339038839751957,0.9707379352042679,0.9707379352042699,0.0,1.0408340855860843e-17,1.3322676295501878e-15
103,binary_bktf,0.7314391220044799,0.7314391220044799,0.008615325601640677,0.008615325601640663,0.7114527712311044,0.711452771231105,0.03207960022302426,0.0320796002230242,0.9726753052002418,0.9726753052002426,0.0,1.3877787807814457e-17,5.551115123125783e-16
103,continuous_latent_trait,0.7314391220044799,0.7314391220044799,0.008615325601640677,0.008615325601640663,0.7114527712311044,0.711452771231105,0.03207960022302426,0.0320796002230242,0.9726753052002418,0.9726753052002426,0.0,1.3877787807814457e-17,5.551115123125783e-16
103,four_state_semimarkov,0.7314391220044799,0.7314391220044799,0.008615325601640678,0.008615325601640663,0.7114527712311044,0.711452771231105,0.03207960022302426,0.0320796002230242,0.9726753052002418,0.9726753052002426,0.0,1.5612511283791264e-17,5.551115123125783e-16
106,binary_bktf,0.7470802014864242,0.7470802014864242,0.004278785472509593,0.004278785472509583,0.723679067405171,0.723679067405174,0.01691755844206844,0.0169175584420684,0.9686765436499412,0.9686765436499452,0.0,1.0408340855860843e-17,2.9976021664879227e-15
106,continuous_latent_trait,0.7470802014864242,0.7470802014864242,0.004278785472509593,0.004278785472509583,0.723679067405171,0.723679067405174,0.01691755844206844,0.0169175584420684,0.9686765436499412,0.9686765436499452,0.0,1.0408340855860843e-17,2.9976021664879227e-15
106,four_state_semimarkov,0.7470802014864242,0.7470802014864242,0.004278785472509593,0.004278785472509583,0.723679067405171,0.723679067405174,0.01691755844206844,0.0169175584420684,0.9686765436499412,0.9686765436499452,0.0,1.0408340855860843e-17,2.9976021664879227e-15
119,binary_bktf,0.518522778048713,0.518522778048713,0.019417733130837285,0.019417733130837292,0.5005447755380368,0.5005447755380422,0.040329494824579384,0.0403294948245794,0.9653284228354819,0.9653284228354923,0.0,6.938893903907228e-18,5.440092820663267e-15
119,continuous_latent_trait,0.518522778048713,0.518522778048713,0.019417733130837285,0.019417733130837292,0.5005447755380368,0.5005447755380422,0.040329494824579384,0.0403294948245794,0.9653284228354819,0.9653284228354923,0.0,6.938893903907228e-18,5.440092820663267e-15
119,four_state_semimarkov,0.518522778048713,0.518522778048713,0.019417733130837285,0.019417733130837292,0.5005447755380368,0.5005447755380422,0.040329494824579384,0.0403294948245794,0.9653284228354819,0.9653284228354923,0.0,6.938893903907228e-18,5.440092820663267e-15
143,binary_bktf,0.5460587651269866,0.5460587651269866,0.005442687252216979,0.005442687252216963,0.5280522072794911,0.5280522072794948,0.011989849861820836,0.0119898498618208,0.9670245054242321,0.9670245054242387,0.0,1.5612511283791264e-17,3.6637359812630166e-15
143,continuous_latent_trait,0.5460587651269866,0.5460587651269866,0.005442687252216979,0.005442687252216963,0.5280522072794911,0.5280522072794948,0.011989849861820836,0.0119898498618208,0.9670245054242321,0.9670245054242387,0.0,1.5612511283791264e-17,3.6637359812630166e-15
143,four_state_semimarkov,0.5460587651269866,0.5460587651269866,0.005442687252216979,0.005442687252216963,0.5280522072794911,0.5280522072794948,0.011989849861820836,0.0119898498618208,0.9670245054242321,0.9670245054242387,0.0,1.5612511283791264e-17,3.6637359812630166e-15
